-- ============================================
-- FILE: 02_INSERT_DATA.sql
-- Ngày tạo: 27/11/2025
-- Mô tả: Dữ liệu mẫu cho hệ thống LMS
-- Lưu ý: Chạy file 01_CREATE_STRUCTURE.sql TRƯỚC KHI chạy file này
-- ============================================

USE [StudyProcess];
GO

PRINT '========================================';
PRINT 'Bắt đầu insert dữ liệu mẫu...';
PRINT '========================================';
PRINT '';
GO

-- ============================================
-- 1. TẠO TÀI KHOẢN (ACCOUNTS)
-- ============================================
PRINT 'Đang insert Accounts...';
GO

INSERT INTO Accounts (AccountID, Email, PasswordHash, Role, IsActive, CreatedAt)
VALUES
('USR001', 'admin@lms.com', '123456', 'Admin', 1, GETDATE()),
('USR002', 'teacher1@lms.com', '123456', 'Teacher', 1, GETDATE()),
('USR003', 'teacher2@lms.com', 'hashed_password_teacher2', 'Teacher', 1, GETDATE()),
('STU001', 'student001@lms.com', 'hashed_password', 'Student', 1, GETDATE()),
('STU002', 'student002@lms.com', 'hashed_password', 'Student', 1, GETDATE()),
('STU003', 'student003@lms.com', 'hashed_password', 'Student', 1, GETDATE()),
('STU004', 'student004@lms.com', 'hashed_password', 'Student', 1, GETDATE()),
('STU005', 'student005@lms.com', 'hashed_password', 'Student', 1, GETDATE()),
('STU006', 'student006@lms.com', 'hashed_password', 'Student', 1, GETDATE()),
('STU007', 'student007@lms.com', 'hashed_password', 'Student', 1, GETDATE()),
('STU008', 'student008@lms.com', 'hashed_password', 'Student', 1, GETDATE()),
('STU009', 'student009@lms.com', 'hashed_password', 'Student', 1, GETDATE()),
('STU010', 'student010@lms.com', 'hashed_password', 'Student', 1, GETDATE()),
('STU011', 'student011@lms.com', 'hashed_password', 'Student', 1, GETDATE()),
('STU012', 'student012@lms.com', 'hashed_password', 'Student', 1, GETDATE()),
('STU013', 'student013@lms.com', 'hashed_password', 'Student', 1, GETDATE()),
('STU014', 'student014@lms.com', 'hashed_password', 'Student', 1, GETDATE()),
('STU015', 'student015@lms.com', 'hashed_password', 'Student', 1, GETDATE()),
('STU016', 'student016@lms.com', 'hashed_password', 'Student', 1, GETDATE()),
('STU017', 'student017@lms.com', 'hashed_password', 'Student', 1, GETDATE()),
('STU018', 'student018@lms.com', 'hashed_password', 'Student', 1, GETDATE()),
('STU019', 'student019@lms.com', 'hashed_password', 'Student', 1, GETDATE()),
('STU020', 'student020@lms.com', 'hashed_password', 'Student', 1, GETDATE()),
('STU021', 'student021@lms.com', 'hashed_password', 'Student', 1, GETDATE()),
('STU022', 'student022@lms.com', 'hashed_password', 'Student', 1, GETDATE()),
('STU023', 'student023@lms.com', 'hashed_password', 'Student', 1, GETDATE()),
('STU024', 'student024@lms.com', 'hashed_password', 'Student', 1, GETDATE()),
('STU025', 'student025@lms.com', 'hashed_password', 'Student', 1, GETDATE()),
('STU026', 'student026@lms.com', 'hashed_password', 'Student', 1, GETDATE()),
('STU027', 'student027@lms.com', 'hashed_password', 'Student', 1, GETDATE()),
('STU028', 'student028@lms.com', 'hashed_password', 'Student', 1, GETDATE()),
('STU029', 'student029@lms.com', 'hashed_password', 'Student', 1, GETDATE()),
('STU030', 'student030@lms.com', 'hashed_password', 'Student', 1, GETDATE());
GO

PRINT '✅ Đã insert 33 Accounts (1 Admin + 2 Teachers + 30 Students)';
GO

-- ============================================
-- 2. TẠO NGƯỜI DÙNG (USERS)
-- ============================================
PRINT 'Đang insert Users...';
GO

INSERT INTO Users (AccountID, FullName, PhoneNumber, DateOfBirth, Address)
VALUES
('USR001', N'Quản trị viên hệ thống', '0900000000', '1990-01-01', N'Hà Nội'),
('USR002', N'Nguyễn Văn A', '0901234567', '1985-03-15', N'Hồ Chí Minh'),
('USR003', N'Trần Thị B', '0912345678', '1988-07-20', N'Đà Nẵng'),
('STU001', N'Lê Minh Tuấn', '0900000001', '2000-01-01', N'Hà Nội'),
('STU002', N'Phạm Thu Hương', '0900000002', '2000-02-02', N'TP.HCM'),
('STU003', N'Hoàng Văn Nam', '0900000003', '2000-03-03', N'Đà Nẵng'),
('STU004', N'Nguyễn Thị Mai', '0900000004', '2000-04-04', N'Hải Phòng'),
('STU005', N'Trần Đức Anh', '0900000005', '2000-05-05', N'Cần Thơ'),
('STU006', N'Võ Thị Lan', '0900000006', '2000-06-06', N'Huế'),
('STU007', N'Đặng Minh Quân', '0900000007', '2000-07-07', N'Nha Trang'),
('STU008', N'Bùi Thu Trang', '0900000008', '2000-08-08', N'Vũng Tàu'),
('STU009', N'Phan Văn Hải', '0900000009', '2000-09-09', N'Hà Nội'),
('STU010', N'Lý Thị Hoa', '0900000010', '2000-10-10', N'TP.HCM'),
('STU011', N'Đinh Văn Tùng', '0900000011', '2000-11-11', N'Đà Nẵng'),
('STU012', N'Mai Thu Hà', '0900000012', '2000-12-12', N'Hải Phòng'),
('STU013', N'Dương Minh Khang', '0900000013', '2000-01-13', N'Cần Thơ'),
('STU014', N'Vũ Thị Ngọc', '0900000014', '2000-02-14', N'Huế'),
('STU015', N'Trương Văn Đạt', '0900000015', '2000-03-15', N'Nha Trang'),
('STU016', N'Cao Thị Linh', '0900000016', '2000-04-16', N'Vũng Tàu'),
('STU017', N'Lâm Minh Tâm', '0900000017', '2000-05-17', N'Hà Nội'),
('STU018', N'Hồ Thu Hiền', '0900000018', '2000-06-18', N'TP.HCM'),
('STU019', N'Đỗ Văn Long', '0900000019', '2000-07-19', N'Đà Nẵng'),
('STU020', N'Ngô Thị Phương', '0900000020', '2000-08-20', N'Hải Phòng'),
('STU021', N'Tạ Văn Bình', '0900000021', '2000-09-21', N'Cần Thơ'),
('STU022', N'Châu Thị Kim', '0900000022', '2000-10-22', N'Huế'),
('STU023', N'Lưu Minh Đức', '0900000023', '2000-11-23', N'Nha Trang'),
('STU024', N'Phùng Thị Yến', '0900000024', '2000-12-24', N'Vũng Tàu'),
('STU025', N'Khúc Văn Huy', '0900000025', '2000-01-25', N'Hà Nội'),
('STU026', N'La Thị Nga', '0900000026', '2000-02-26', N'TP.HCM'),
('STU027', N'Từ Minh Nhật', '0900000027', '2000-03-27', N'Đà Nẵng'),
('STU028', N'Ông Thị Tâm', '0900000028', '2000-04-28', N'Hải Phòng'),
('STU029', N'Tô Văn Phong', '0900000029', '2000-05-01', N'Cần Thơ'),
('STU030', N'Lạc Thị Thủy', '0900000030', '2000-06-02', N'Huế');
GO

PRINT '✅ Đã insert 33 Users';
GO

-- ============================================
-- 3. TẠO DANH MỤC (CATEGORIES)
-- ============================================
PRINT 'Đang insert Categories...';
GO

INSERT INTO Categories (CategoryName, Description)
VALUES
(N'Lập trình', N'Các khóa học về lập trình và phát triển phần mềm'),
(N'Thiết kế', N'Các khóa học về thiết kế đồ họa và UI/UX'),
(N'Marketing', N'Các khóa học về marketing và kinh doanh'),
(N'Ngoại ngữ', N'Các khóa học ngoại ngữ');
GO

PRINT '✅ Đã insert 4 Categories';
GO

-- ============================================
-- 4. TẠO KHÓA HỌC (COURSES)
-- ============================================
PRINT 'Đang insert Courses...';
GO

INSERT INTO Courses (CourseName, Description, CategoryID, TeacherID, Status, TotalLessons, CreatedAt)
VALUES
(N'Lập trình C# cơ bản', N'Khóa học C# từ cơ bản đến nâng cao, phù hợp cho người mới bắt đầu', 1, 'USR002', N'Active', 24, DATEADD(DAY, -60, GETDATE())),
(N'Lập trình Web với ASP.NET Core', N'Xây dựng ứng dụng web hiện đại với ASP.NET Core MVC', 1, 'USR002', N'Active', 30, DATEADD(DAY, -45, GETDATE())),
(N'Thiết kế UI/UX chuyên nghiệp', N'Học thiết kế giao diện người dùng và trải nghiệm người dùng', 2, 'USR003', N'Active', 20, DATEADD(DAY, -30, GETDATE()));
GO

PRINT '✅ Đã insert 3 Courses';
GO

-- ============================================
-- 5. TẠO CHƯƠNG HỌC (SECTIONS)
-- ============================================
PRINT 'Đang insert Sections...';
GO

INSERT INTO Sections (CourseID, SectionTitle, SectionOrder, Description, CreatedAt)
VALUES
(1, N'Giới thiệu về C#', 1, N'Mô tả chương 1', GETDATE()),
(1, N'Cú pháp cơ bản', 2, N'Mô tả chương 2', GETDATE()),
(1, N'Cấu trúc điều khiển', 3, N'Mô tả chương 3', GETDATE()),
(1, N'Lập trình hướng đối tượng', 4, N'Mô tả chương 4', GETDATE()),
(1, N'Xử lý ngoại lệ và File', 5, N'Mô tả chương 5', GETDATE()),
(1, N'Collection và LINQ', 6, N'Mô tả chương 6', GETDATE()),
(2, N'Cài đặt môi trường', 1, N'Mô tả chương 1', GETDATE()),
(2, N'MVC Pattern', 2, N'Mô tả chương 2', GETDATE()),
(2, N'Routing và Controllers', 3, N'Mô tả chương 3', GETDATE()),
(2, N'Views và Razor', 4, N'Mô tả chương 4', GETDATE()),
(2, N'Entity Framework Core', 5, N'Mô tả chương 5', GETDATE()),
(2, N'Authentication & Authorization', 6, N'Mô tả chương 6', GETDATE()),
(3, N'Nguyên tắc thiết kế', 1, N'Mô tả chương 1', GETDATE()),
(3, N'Nghiên cứu người dùng', 2, N'Mô tả chương 2', GETDATE()),
(3, N'Wireframe và Prototype', 3, N'Mô tả chương 3', GETDATE()),
(3, N'Design System', 4, N'Mô tả chương 4', GETDATE()),
(3, N'Usability Testing', 5, N'Mô tả chương 5', GETDATE());
GO

PRINT '✅ Đã insert 17 Sections';
GO

-- ============================================
-- 6. TẠO BÀI HỌC (LESSONS)
-- ============================================
PRINT 'Đang insert Lessons...';
GO

INSERT INTO Lessons (CourseID, SectionID, LessonTitle, LessonOrder, Content, VideoUrl, AttachmentUrl)
VALUES
(1, 1, N'Bài học 1 - Khóa 1', 1, N'Nội dung bài học 1', 'https://youtube.com/lesson1', NULL),
(1, 2, N'Bài học 2 - Khóa 1', 2, N'Nội dung bài học 2', 'https://youtube.com/lesson2', NULL),
(1, 3, N'Bài học 3 - Khóa 1', 3, N'Nội dung bài học 3', 'https://youtube.com/lesson3', NULL),
(1, 4, N'Bài học 4 - Khóa 1', 4, N'Nội dung bài học 4', 'https://youtube.com/lesson4', NULL),
(1, 5, N'Bài học 5 - Khóa 1', 5, N'Nội dung bài học 5', 'https://youtube.com/lesson5', NULL),
(1, 6, N'Bài học 6 - Khóa 1', 6, N'Nội dung bài học 6', 'https://youtube.com/lesson6', NULL),
(1, 1, N'Bài học 7 - Khóa 1', 7, N'Nội dung bài học 7', 'https://youtube.com/lesson7', NULL),
(1, 2, N'Bài học 8 - Khóa 1', 8, N'Nội dung bài học 8', 'https://youtube.com/lesson8', NULL),
(1, 3, N'Bài học 9 - Khóa 1', 9, N'Nội dung bài học 9', 'https://youtube.com/lesson9', NULL),
(1, 4, N'Bài học 10 - Khóa 1', 10, N'Nội dung bài học 10', 'https://youtube.com/lesson10', NULL),
(1, 5, N'Bài học 11 - Khóa 1', 11, N'Nội dung bài học 11', 'https://youtube.com/lesson11', NULL),
(1, 6, N'Bài học 12 - Khóa 1', 12, N'Nội dung bài học 12', 'https://youtube.com/lesson12', NULL),
(1, 1, N'Bài học 13 - Khóa 1', 13, N'Nội dung bài học 13', 'https://youtube.com/lesson13', NULL),
(1, 2, N'Bài học 14 - Khóa 1', 14, N'Nội dung bài học 14', 'https://youtube.com/lesson14', NULL),
(1, 3, N'Bài học 15 - Khóa 1', 15, N'Nội dung bài học 15', 'https://youtube.com/lesson15', NULL),
(1, 4, N'Bài học 16 - Khóa 1', 16, N'Nội dung bài học 16', 'https://youtube.com/lesson16', NULL),
(1, 5, N'Bài học 17 - Khóa 1', 17, N'Nội dung bài học 17', 'https://youtube.com/lesson17', NULL),
(1, 6, N'Bài học 18 - Khóa 1', 18, N'Nội dung bài học 18', 'https://youtube.com/lesson18', NULL),
(1, 1, N'Bài học 19 - Khóa 1', 19, N'Nội dung bài học 19', 'https://youtube.com/lesson19', NULL),
(1, 2, N'Bài học 20 - Khóa 1', 20, N'Nội dung bài học 20', 'https://youtube.com/lesson20', NULL),
(1, 3, N'Bài học 21 - Khóa 1', 21, N'Nội dung bài học 21', 'https://youtube.com/lesson21', NULL),
(1, 4, N'Bài học 22 - Khóa 1', 22, N'Nội dung bài học 22', 'https://youtube.com/lesson22', NULL),
(1, 5, N'Bài học 23 - Khóa 1', 23, N'Nội dung bài học 23', 'https://youtube.com/lesson23', NULL),
(1, 6, N'Bài học 24 - Khóa 1', 24, N'Nội dung bài học 24', 'https://youtube.com/lesson24', NULL),
(2, 7, N'Bài học 1 - Khóa 2', 1, N'Nội dung bài học 1', 'https://youtube.com/lesson25', NULL),
(2, 8, N'Bài học 2 - Khóa 2', 2, N'Nội dung bài học 2', 'https://youtube.com/lesson26', NULL),
(2, 9, N'Bài học 3 - Khóa 2', 3, N'Nội dung bài học 3', 'https://youtube.com/lesson27', NULL),
(2, 10, N'Bài học 4 - Khóa 2', 4, N'Nội dung bài học 4', 'https://youtube.com/lesson28', NULL),
(2, 11, N'Bài học 5 - Khóa 2', 5, N'Nội dung bài học 5', 'https://youtube.com/lesson29', NULL),
(2, 12, N'Bài học 6 - Khóa 2', 6, N'Nội dung bài học 6', 'https://youtube.com/lesson30', NULL),
(2, 7, N'Bài học 7 - Khóa 2', 7, N'Nội dung bài học 7', 'https://youtube.com/lesson31', NULL),
(2, 8, N'Bài học 8 - Khóa 2', 8, N'Nội dung bài học 8', 'https://youtube.com/lesson32', NULL),
(2, 9, N'Bài học 9 - Khóa 2', 9, N'Nội dung bài học 9', 'https://youtube.com/lesson33', NULL),
(2, 10, N'Bài học 10 - Khóa 2', 10, N'Nội dung bài học 10', 'https://youtube.com/lesson34', NULL),
(2, 11, N'Bài học 11 - Khóa 2', 11, N'Nội dung bài học 11', 'https://youtube.com/lesson35', NULL),
(2, 12, N'Bài học 12 - Khóa 2', 12, N'Nội dung bài học 12', 'https://youtube.com/lesson36', NULL),
(2, 7, N'Bài học 13 - Khóa 2', 13, N'Nội dung bài học 13', 'https://youtube.com/lesson37', NULL),
(2, 8, N'Bài học 14 - Khóa 2', 14, N'Nội dung bài học 14', 'https://youtube.com/lesson38', NULL),
(2, 9, N'Bài học 15 - Khóa 2', 15, N'Nội dung bài học 15', 'https://youtube.com/lesson39', NULL),
(2, 10, N'Bài học 16 - Khóa 2', 16, N'Nội dung bài học 16', 'https://youtube.com/lesson40', NULL),
(2, 11, N'Bài học 17 - Khóa 2', 17, N'Nội dung bài học 17', 'https://youtube.com/lesson41', NULL),
(2, 12, N'Bài học 18 - Khóa 2', 18, N'Nội dung bài học 18', 'https://youtube.com/lesson42', NULL),
(2, 7, N'Bài học 19 - Khóa 2', 19, N'Nội dung bài học 19', 'https://youtube.com/lesson43', NULL),
(2, 8, N'Bài học 20 - Khóa 2', 20, N'Nội dung bài học 20', 'https://youtube.com/lesson44', NULL),
(2, 9, N'Bài học 21 - Khóa 2', 21, N'Nội dung bài học 21', 'https://youtube.com/lesson45', NULL),
(2, 10, N'Bài học 22 - Khóa 2', 22, N'Nội dung bài học 22', 'https://youtube.com/lesson46', NULL),
(2, 11, N'Bài học 23 - Khóa 2', 23, N'Nội dung bài học 23', 'https://youtube.com/lesson47', NULL),
(2, 12, N'Bài học 24 - Khóa 2', 24, N'Nội dung bài học 24', 'https://youtube.com/lesson48', NULL),
(2, 7, N'Bài học 25 - Khóa 2', 25, N'Nội dung bài học 25', 'https://youtube.com/lesson49', NULL),
(2, 8, N'Bài học 26 - Khóa 2', 26, N'Nội dung bài học 26', 'https://youtube.com/lesson50', NULL),
(2, 9, N'Bài học 27 - Khóa 2', 27, N'Nội dung bài học 27', 'https://youtube.com/lesson51', NULL),
(2, 10, N'Bài học 28 - Khóa 2', 28, N'Nội dung bài học 28', 'https://youtube.com/lesson52', NULL),
(2, 11, N'Bài học 29 - Khóa 2', 29, N'Nội dung bài học 29', 'https://youtube.com/lesson53', NULL),
(2, 12, N'Bài học 30 - Khóa 2', 30, N'Nội dung bài học 30', 'https://youtube.com/lesson54', NULL),
(3, 13, N'Bài học 1 - Khóa 3', 1, N'Nội dung bài học 1', 'https://youtube.com/lesson55', NULL),
(3, 14, N'Bài học 2 - Khóa 3', 2, N'Nội dung bài học 2', 'https://youtube.com/lesson56', NULL),
(3, 15, N'Bài học 3 - Khóa 3', 3, N'Nội dung bài học 3', 'https://youtube.com/lesson57', NULL),
(3, 16, N'Bài học 4 - Khóa 3', 4, N'Nội dung bài học 4', 'https://youtube.com/lesson58', NULL),
(3, 17, N'Bài học 5 - Khóa 3', 5, N'Nội dung bài học 5', 'https://youtube.com/lesson59', NULL),
(3, 13, N'Bài học 6 - Khóa 3', 6, N'Nội dung bài học 6', 'https://youtube.com/lesson60', NULL),
(3, 14, N'Bài học 7 - Khóa 3', 7, N'Nội dung bài học 7', 'https://youtube.com/lesson61', NULL),
(3, 15, N'Bài học 8 - Khóa 3', 8, N'Nội dung bài học 8', 'https://youtube.com/lesson62', NULL),
(3, 16, N'Bài học 9 - Khóa 3', 9, N'Nội dung bài học 9', 'https://youtube.com/lesson63', NULL),
(3, 17, N'Bài học 10 - Khóa 3', 10, N'Nội dung bài học 10', 'https://youtube.com/lesson64', NULL),
(3, 13, N'Bài học 11 - Khóa 3', 11, N'Nội dung bài học 11', 'https://youtube.com/lesson65', NULL),
(3, 14, N'Bài học 12 - Khóa 3', 12, N'Nội dung bài học 12', 'https://youtube.com/lesson66', NULL),
(3, 15, N'Bài học 13 - Khóa 3', 13, N'Nội dung bài học 13', 'https://youtube.com/lesson67', NULL),
(3, 16, N'Bài học 14 - Khóa 3', 14, N'Nội dung bài học 14', 'https://youtube.com/lesson68', NULL),
(3, 17, N'Bài học 15 - Khóa 3', 15, N'Nội dung bài học 15', 'https://youtube.com/lesson69', NULL),
(3, 13, N'Bài học 16 - Khóa 3', 16, N'Nội dung bài học 16', 'https://youtube.com/lesson70', NULL),
(3, 14, N'Bài học 17 - Khóa 3', 17, N'Nội dung bài học 17', 'https://youtube.com/lesson71', NULL),
(3, 15, N'Bài học 18 - Khóa 3', 18, N'Nội dung bài học 18', 'https://youtube.com/lesson72', NULL),
(3, 16, N'Bài học 19 - Khóa 3', 19, N'Nội dung bài học 19', 'https://youtube.com/lesson73', NULL),
(3, 17, N'Bài học 20 - Khóa 3', 20, N'Nội dung bài học 20', 'https://youtube.com/lesson74', NULL);
GO

PRINT '✅ Đã insert 74 Lessons';
GO

-- ============================================
-- 7. TẠO ĐĂNG KÝ HỌC (ENROLLMENTS)
-- Tiến độ tính theo: (Bài đã hoàn thành / Tổng bài) × 100
-- ============================================
PRINT 'Đang insert Enrollments...';
GO

INSERT INTO Enrollments (StudentID, CourseID, EnrollmentDate, ProgressPercent, Status, CompletedLessons, AverageScore)
VALUES
(4, 1, DATEADD(DAY, -13, GETDATE()), 100, N'Completed', 24, NULL),
(4, 3, DATEADD(DAY, -56, GETDATE()), 60, N'Learning', 12, NULL),
(5, 2, DATEADD(DAY, -40, GETDATE()), 100, N'Completed', 30, NULL),
(5, 1, DATEADD(DAY, -10, GETDATE()), 100, N'Completed', 24, NULL),
(5, 3, DATEADD(DAY, -37, GETDATE()), 60, N'Learning', 12, NULL),
(6, 3, DATEADD(DAY, -14, GETDATE()), 20, N'Learning', 4, NULL),
(6, 1, DATEADD(DAY, -29, GETDATE()), 54, N'Learning', 13, NULL),
(6, 2, DATEADD(DAY, -22, GETDATE()), 33, N'Learning', 10, NULL),
(7, 2, DATEADD(DAY, -44, GETDATE()), 17, N'Learning', 5, NULL),
(8, 1, DATEADD(DAY, -44, GETDATE()), 54, N'Learning', 13, NULL),
(8, 2, DATEADD(DAY, -20, GETDATE()), 83, N'Completed', 25, NULL),
(8, 3, DATEADD(DAY, -52, GETDATE()), 50, N'Learning', 10, NULL),
(9, 2, DATEADD(DAY, -41, GETDATE()), 37, N'Learning', 11, NULL),
(9, 3, DATEADD(DAY, -32, GETDATE()), 5, N'Learning', 1, NULL),
(10, 1, DATEADD(DAY, -30, GETDATE()), 50, N'Learning', 12, NULL),
(10, 2, DATEADD(DAY, -35, GETDATE()), 47, N'Learning', 14, NULL),
(10, 3, DATEADD(DAY, -49, GETDATE()), 5, N'Suspended', 1, NULL),
(11, 1, DATEADD(DAY, -50, GETDATE()), 100, N'Completed', 24, NULL),
(11, 2, DATEADD(DAY, -57, GETDATE()), 100, N'Completed', 30, NULL),
(12, 1, DATEADD(DAY, -32, GETDATE()), 54, N'Learning', 13, NULL),
(13, 3, DATEADD(DAY, -46, GETDATE()), 50, N'Learning', 10, NULL),
(13, 1, DATEADD(DAY, -21, GETDATE()), 100, N'Completed', 24, NULL),
(14, 2, DATEADD(DAY, -46, GETDATE()), 13, N'Learning', 4, NULL),
(14, 1, DATEADD(DAY, -13, GETDATE()), 0, N'Learning', 0, NULL),
(14, 3, DATEADD(DAY, -16, GETDATE()), 0, N'Learning', 0, NULL),
(15, 2, DATEADD(DAY, -45, GETDATE()), 100, N'Completed', 30, NULL),
(16, 3, DATEADD(DAY, -23, GETDATE()), 25, N'Learning', 5, NULL),
(16, 2, DATEADD(DAY, -12, GETDATE()), 23, N'Learning', 7, NULL),
(16, 1, DATEADD(DAY, -45, GETDATE()), 38, N'Learning', 9, NULL),
(17, 2, DATEADD(DAY, -47, GETDATE()), 3, N'Learning', 1, NULL),
(17, 3, DATEADD(DAY, -40, GETDATE()), 10, N'Suspended', 2, NULL),
(17, 1, DATEADD(DAY, -25, GETDATE()), 100, N'Completed', 24, NULL),
(18, 2, DATEADD(DAY, -31, GETDATE()), 27, N'Learning', 8, NULL),
(18, 1, DATEADD(DAY, -19, GETDATE()), 71, N'Learning', 17, NULL),
(19, 3, DATEADD(DAY, -18, GETDATE()), 20, N'Suspended', 4, NULL),
(20, 2, DATEADD(DAY, -29, GETDATE()), 47, N'Learning', 14, NULL),
(20, 3, DATEADD(DAY, -34, GETDATE()), 80, N'Completed', 16, NULL),
(21, 3, DATEADD(DAY, -32, GETDATE()), 45, N'Learning', 9, NULL),
(22, 3, DATEADD(DAY, -25, GETDATE()), 20, N'Learning', 4, NULL),
(23, 3, DATEADD(DAY, -28, GETDATE()), 5, N'Learning', 1, NULL),
(23, 1, DATEADD(DAY, -20, GETDATE()), 29, N'Learning', 7, NULL),
(24, 1, DATEADD(DAY, -20, GETDATE()), 100, N'Completed', 24, NULL),
(24, 2, DATEADD(DAY, -27, GETDATE()), 20, N'Learning', 6, NULL),
(24, 3, DATEADD(DAY, -54, GETDATE()), 45, N'Learning', 9, NULL),
(25, 1, DATEADD(DAY, -49, GETDATE()), 58, N'Learning', 14, NULL),
(25, 3, DATEADD(DAY, -23, GETDATE()), 45, N'Learning', 9, NULL),
(26, 2, DATEADD(DAY, -48, GETDATE()), 17, N'Learning', 5, NULL),
(26, 3, DATEADD(DAY, -20, GETDATE()), 40, N'Learning', 8, NULL),
(26, 1, DATEADD(DAY, -43, GETDATE()), 67, N'Learning', 16, NULL),
(27, 2, DATEADD(DAY, -39, GETDATE()), 60, N'Learning', 18, NULL),
(27, 3, DATEADD(DAY, -45, GETDATE()), 55, N'Learning', 11, NULL),
(28, 3, DATEADD(DAY, -28, GETDATE()), 35, N'Learning', 7, NULL),
(28, 2, DATEADD(DAY, -55, GETDATE()), 53, N'Learning', 16, NULL),
(28, 1, DATEADD(DAY, -44, GETDATE()), 71, N'Learning', 17, NULL),
(29, 2, DATEADD(DAY, -44, GETDATE()), 13, N'Suspended', 4, NULL),
(29, 3, DATEADD(DAY, -59, GETDATE()), 100, N'Completed', 20, NULL),
(30, 2, DATEADD(DAY, -57, GETDATE()), 0, N'Learning', 0, NULL),
(31, 3, DATEADD(DAY, -46, GETDATE()), 100, N'Completed', 20, NULL),
(31, 2, DATEADD(DAY, -53, GETDATE()), 43, N'Learning', 13, NULL),
(32, 3, DATEADD(DAY, -43, GETDATE()), 0, N'Learning', 0, NULL),
(33, 2, DATEADD(DAY, -49, GETDATE()), 40, N'Learning', 12, NULL),
(33, 3, DATEADD(DAY, -25, GETDATE()), 30, N'Learning', 6, NULL);
GO

PRINT '✅ Đã insert 62 Enrollments';
GO

-- ============================================
-- 8. TẠO TIẾN TRÌNH BÀI HỌC (LESSONPROGRESS)
-- Theo dõi chi tiết từng bài học của từng sinh viên
-- ============================================
PRINT 'Đang insert LessonProgress...';
PRINT '(Có thể mất vài giây do số lượng lớn)';
GO

-- Batch 1/4
INSERT INTO LessonProgress (StudentID, LessonID, IsCompleted, CompletedDate)
VALUES
(4, 1, 1, DATEADD(DAY, -20, GETDATE())),
(4, 2, 1, DATEADD(DAY, -47, GETDATE())),
(4, 3, 1, DATEADD(DAY, -20, GETDATE())),
(4, 4, 1, DATEADD(DAY, -48, GETDATE())),
(4, 5, 1, DATEADD(DAY, -13, GETDATE())),
(4, 6, 1, DATEADD(DAY, -18, GETDATE())),
(4, 7, 1, DATEADD(DAY, -44, GETDATE())),
(4, 8, 1, DATEADD(DAY, -20, GETDATE())),
(4, 9, 1, DATEADD(DAY, -18, GETDATE())),
(4, 10, 1, DATEADD(DAY, -44, GETDATE())),
(4, 11, 1, DATEADD(DAY, -12, GETDATE())),
(4, 12, 1, DATEADD(DAY, -4, GETDATE())),
(4, 13, 1, DATEADD(DAY, -9, GETDATE())),
(4, 14, 1, DATEADD(DAY, -30, GETDATE())),
(4, 15, 1, DATEADD(DAY, -41, GETDATE())),
(4, 16, 1, DATEADD(DAY, -18, GETDATE())),
(4, 17, 1, DATEADD(DAY, -26, GETDATE())),
(4, 18, 1, DATEADD(DAY, -6, GETDATE())),
(4, 19, 1, DATEADD(DAY, -25, GETDATE())),
(4, 20, 1, DATEADD(DAY, -42, GETDATE())),
(4, 21, 1, DATEADD(DAY, -47, GETDATE())),
(4, 22, 1, DATEADD(DAY, -34, GETDATE())),
(4, 23, 1, DATEADD(DAY, -11, GETDATE())),
(4, 24, 1, DATEADD(DAY, -47, GETDATE())),
(4, 55, 1, DATEADD(DAY, -15, GETDATE())),
(4, 56, 1, DATEADD(DAY, -17, GETDATE())),
(4, 57, 0, NULL),
(4, 58, 1, DATEADD(DAY, -50, GETDATE())),
(4, 59, 1, DATEADD(DAY, -16, GETDATE())),
(4, 60, 1, DATEADD(DAY, -37, GETDATE())),
(4, 61, 0, NULL),
(4, 62, 0, NULL),
(4, 63, 1, DATEADD(DAY, -38, GETDATE())),
(4, 64, 1, DATEADD(DAY, -7, GETDATE())),
(4, 65, 0, NULL),
(4, 66, 1, DATEADD(DAY, -17, GETDATE())),
(4, 67, 0, NULL),
(4, 68, 1, DATEADD(DAY, -32, GETDATE())),
(4, 69, 0, NULL),
(4, 70, 1, DATEADD(DAY, -6, GETDATE())),
(4, 71, 0, NULL),
(4, 72, 1, DATEADD(DAY, -50, GETDATE())),
(4, 73, 0, NULL),
(4, 74, 1, DATEADD(DAY, -15, GETDATE())),
(5, 25, 1, DATEADD(DAY, -15, GETDATE())),
(5, 26, 1, DATEADD(DAY, -13, GETDATE())),
(5, 27, 1, DATEADD(DAY, -28, GETDATE())),
(5, 28, 1, DATEADD(DAY, -29, GETDATE())),
(5, 29, 1, DATEADD(DAY, -1, GETDATE())),
(5, 30, 1, DATEADD(DAY, -16, GETDATE())),
(5, 31, 1, DATEADD(DAY, -42, GETDATE())),
(5, 32, 1, DATEADD(DAY, -33, GETDATE())),
(5, 33, 1, DATEADD(DAY, -27, GETDATE())),
(5, 34, 1, DATEADD(DAY, -31, GETDATE())),
(5, 35, 1, DATEADD(DAY, -21, GETDATE())),
(5, 36, 1, DATEADD(DAY, -43, GETDATE())),
(5, 37, 1, DATEADD(DAY, -26, GETDATE())),
(5, 38, 1, DATEADD(DAY, -3, GETDATE())),
(5, 39, 1, DATEADD(DAY, -36, GETDATE())),
(5, 40, 1, DATEADD(DAY, -49, GETDATE())),
(5, 41, 1, DATEADD(DAY, -17, GETDATE())),
(5, 42, 1, DATEADD(DAY, -13, GETDATE())),
(5, 43, 1, DATEADD(DAY, -26, GETDATE())),
(5, 44, 1, DATEADD(DAY, -12, GETDATE())),
(5, 45, 1, DATEADD(DAY, -29, GETDATE())),
(5, 46, 1, DATEADD(DAY, -25, GETDATE())),
(5, 47, 1, DATEADD(DAY, -48, GETDATE())),
(5, 48, 1, DATEADD(DAY, -35, GETDATE())),
(5, 49, 1, DATEADD(DAY, -28, GETDATE())),
(5, 50, 1, DATEADD(DAY, -22, GETDATE())),
(5, 51, 1, DATEADD(DAY, -10, GETDATE())),
(5, 52, 1, DATEADD(DAY, -20, GETDATE())),
(5, 53, 1, DATEADD(DAY, -46, GETDATE())),
(5, 54, 1, DATEADD(DAY, -28, GETDATE())),
(5, 1, 1, DATEADD(DAY, -41, GETDATE())),
(5, 2, 1, DATEADD(DAY, -18, GETDATE())),
(5, 3, 1, DATEADD(DAY, -21, GETDATE())),
(5, 4, 1, DATEADD(DAY, -7, GETDATE())),
(5, 5, 1, DATEADD(DAY, -19, GETDATE())),
(5, 6, 1, DATEADD(DAY, -5, GETDATE())),
(5, 7, 1, DATEADD(DAY, -47, GETDATE())),
(5, 8, 1, DATEADD(DAY, -41, GETDATE())),
(5, 9, 1, DATEADD(DAY, -35, GETDATE())),
(5, 10, 1, DATEADD(DAY, -44, GETDATE())),
(5, 11, 1, DATEADD(DAY, -21, GETDATE())),
(5, 12, 1, DATEADD(DAY, -48, GETDATE())),
(5, 13, 1, DATEADD(DAY, -22, GETDATE())),
(5, 14, 1, DATEADD(DAY, -11, GETDATE())),
(5, 15, 1, DATEADD(DAY, -27, GETDATE())),
(5, 16, 1, DATEADD(DAY, -25, GETDATE())),
(5, 17, 1, DATEADD(DAY, -27, GETDATE())),
(5, 18, 1, DATEADD(DAY, -45, GETDATE())),
(5, 19, 1, DATEADD(DAY, -14, GETDATE())),
(5, 20, 1, DATEADD(DAY, -26, GETDATE())),
(5, 21, 1, DATEADD(DAY, -7, GETDATE())),
(5, 22, 1, DATEADD(DAY, -17, GETDATE())),
(5, 23, 1, DATEADD(DAY, -38, GETDATE())),
(5, 24, 1, DATEADD(DAY, -6, GETDATE())),
(5, 55, 0, NULL),
(5, 56, 0, NULL),
(5, 57, 1, DATEADD(DAY, -20, GETDATE())),
(5, 58, 1, DATEADD(DAY, -5, GETDATE())),
(5, 59, 1, DATEADD(DAY, -16, GETDATE())),
(5, 60, 0, NULL),
(5, 61, 1, DATEADD(DAY, -23, GETDATE())),
(5, 62, 1, DATEADD(DAY, -3, GETDATE())),
(5, 63, 1, DATEADD(DAY, -4, GETDATE())),
(5, 64, 1, DATEADD(DAY, -36, GETDATE())),
(5, 65, 1, DATEADD(DAY, -25, GETDATE())),
(5, 66, 0, NULL),
(5, 67, 1, DATEADD(DAY, -23, GETDATE())),
(5, 68, 1, DATEADD(DAY, -26, GETDATE())),
(5, 69, 0, NULL),
(5, 70, 1, DATEADD(DAY, -37, GETDATE())),
(5, 71, 0, NULL),
(5, 72, 1, DATEADD(DAY, -22, GETDATE())),
(5, 73, 0, NULL),
(5, 74, 0, NULL),
(6, 55, 0, NULL),
(6, 56, 0, NULL),
(6, 57, 0, NULL),
(6, 58, 0, NULL),
(6, 59, 0, NULL),
(6, 60, 0, NULL),
(6, 61, 1, DATEADD(DAY, -13, GETDATE())),
(6, 62, 1, DATEADD(DAY, -50, GETDATE())),
(6, 63, 0, NULL),
(6, 64, 0, NULL),
(6, 65, 0, NULL),
(6, 66, 0, NULL),
(6, 67, 0, NULL),
(6, 68, 0, NULL),
(6, 69, 0, NULL),
(6, 70, 0, NULL),
(6, 71, 0, NULL),
(6, 72, 1, DATEADD(DAY, -29, GETDATE())),
(6, 73, 1, DATEADD(DAY, -36, GETDATE())),
(6, 74, 0, NULL),
(6, 1, 1, DATEADD(DAY, -18, GETDATE())),
(6, 2, 0, NULL),
(6, 3, 1, DATEADD(DAY, -5, GETDATE())),
(6, 4, 1, DATEADD(DAY, -33, GETDATE())),
(6, 5, 1, DATEADD(DAY, -11, GETDATE())),
(6, 6, 0, NULL),
(6, 7, 0, NULL),
(6, 8, 0, NULL),
(6, 9, 0, NULL),
(6, 10, 1, DATEADD(DAY, -46, GETDATE())),
(6, 11, 0, NULL),
(6, 12, 1, DATEADD(DAY, -35, GETDATE())),
(6, 13, 1, DATEADD(DAY, -19, GETDATE())),
(6, 14, 0, NULL),
(6, 15, 0, NULL),
(6, 16, 1, DATEADD(DAY, -34, GETDATE())),
(6, 17, 1, DATEADD(DAY, -42, GETDATE())),
(6, 18, 1, DATEADD(DAY, -20, GETDATE())),
(6, 19, 0, NULL),
(6, 20, 0, NULL),
(6, 21, 0, NULL),
(6, 22, 1, DATEADD(DAY, -47, GETDATE())),
(6, 23, 1, DATEADD(DAY, -8, GETDATE())),
(6, 24, 1, DATEADD(DAY, -44, GETDATE())),
(6, 25, 0, NULL),
(6, 26, 1, DATEADD(DAY, -37, GETDATE())),
(6, 27, 0, NULL),
(6, 28, 1, DATEADD(DAY, -46, GETDATE())),
(6, 29, 0, NULL),
(6, 30, 0, NULL),
(6, 31, 0, NULL),
(6, 32, 0, NULL),
(6, 33, 0, NULL),
(6, 34, 0, NULL),
(6, 35, 0, NULL),
(6, 36, 0, NULL),
(6, 37, 1, DATEADD(DAY, -34, GETDATE())),
(6, 38, 1, DATEADD(DAY, -18, GETDATE())),
(6, 39, 0, NULL),
(6, 40, 1, DATEADD(DAY, -39, GETDATE())),
(6, 41, 0, NULL),
(6, 42, 1, DATEADD(DAY, -47, GETDATE())),
(6, 43, 1, DATEADD(DAY, -15, GETDATE())),
(6, 44, 0, NULL),
(6, 45, 0, NULL),
(6, 46, 0, NULL),
(6, 47, 0, NULL),
(6, 48, 1, DATEADD(DAY, -43, GETDATE())),
(6, 49, 0, NULL),
(6, 50, 0, NULL),
(6, 51, 0, NULL),
(6, 52, 1, DATEADD(DAY, -12, GETDATE())),
(6, 53, 0, NULL),
(6, 54, 1, DATEADD(DAY, -42, GETDATE())),
(7, 25, 0, NULL),
(7, 26, 0, NULL),
(7, 27, 1, DATEADD(DAY, -27, GETDATE())),
(7, 28, 0, NULL),
(7, 29, 0, NULL),
(7, 30, 0, NULL),
(7, 31, 1, DATEADD(DAY, -28, GETDATE())),
(7, 32, 1, DATEADD(DAY, -20, GETDATE())),
(7, 33, 0, NULL),
(7, 34, 0, NULL),
(7, 35, 0, NULL),
(7, 36, 1, DATEADD(DAY, -38, GETDATE())),
(7, 37, 0, NULL),
(7, 38, 0, NULL),
(7, 39, 0, NULL),
(7, 40, 0, NULL),
(7, 41, 0, NULL),
(7, 42, 0, NULL),
(7, 43, 0, NULL),
(7, 44, 0, NULL),
(7, 45, 0, NULL),
(7, 46, 1, DATEADD(DAY, -35, GETDATE())),
(7, 47, 0, NULL),
(7, 48, 0, NULL),
(7, 49, 0, NULL),
(7, 50, 0, NULL),
(7, 51, 0, NULL),
(7, 52, 0, NULL),
(7, 53, 0, NULL),
(7, 54, 0, NULL),
(8, 1, 1, DATEADD(DAY, -4, GETDATE())),
(8, 2, 1, DATEADD(DAY, -36, GETDATE())),
(8, 3, 1, DATEADD(DAY, -11, GETDATE())),
(8, 4, 0, NULL),
(8, 5, 0, NULL),
(8, 6, 0, NULL),
(8, 7, 0, NULL),
(8, 8, 1, DATEADD(DAY, -38, GETDATE())),
(8, 9, 1, DATEADD(DAY, -26, GETDATE())),
(8, 10, 1, DATEADD(DAY, -34, GETDATE())),
(8, 11, 0, NULL),
(8, 12, 0, NULL),
(8, 13, 0, NULL),
(8, 14, 1, DATEADD(DAY, -46, GETDATE())),
(8, 15, 1, DATEADD(DAY, -9, GETDATE())),
(8, 16, 0, NULL),
(8, 17, 1, DATEADD(DAY, -6, GETDATE())),
(8, 18, 0, NULL),
(8, 19, 0, NULL),
(8, 20, 1, DATEADD(DAY, -28, GETDATE())),
(8, 21, 1, DATEADD(DAY, -47, GETDATE())),
(8, 22, 1, DATEADD(DAY, -20, GETDATE())),
(8, 23, 1, DATEADD(DAY, -9, GETDATE())),
(8, 24, 0, NULL),
(8, 25, 1, DATEADD(DAY, -31, GETDATE())),
(8, 26, 1, DATEADD(DAY, -34, GETDATE())),
(8, 27, 1, DATEADD(DAY, -23, GETDATE())),
(8, 28, 1, DATEADD(DAY, -28, GETDATE())),
(8, 29, 1, DATEADD(DAY, -1, GETDATE())),
(8, 30, 1, DATEADD(DAY, -16, GETDATE())),
(8, 31, 0, NULL),
(8, 32, 0, NULL),
(8, 33, 1, DATEADD(DAY, -20, GETDATE())),
(8, 34, 1, DATEADD(DAY, -24, GETDATE())),
(8, 35, 1, DATEADD(DAY, -45, GETDATE())),
(8, 36, 1, DATEADD(DAY, -25, GETDATE())),
(8, 37, 1, DATEADD(DAY, -1, GETDATE())),
(8, 38, 1, DATEADD(DAY, -10, GETDATE())),
(8, 39, 1, DATEADD(DAY, -6, GETDATE())),
(8, 40, 0, NULL),
(8, 41, 1, DATEADD(DAY, -2, GETDATE())),
(8, 42, 0, NULL),
(8, 43, 1, DATEADD(DAY, -48, GETDATE())),
(8, 44, 1, DATEADD(DAY, -25, GETDATE())),
(8, 45, 1, DATEADD(DAY, -2, GETDATE())),
(8, 46, 1, DATEADD(DAY, -5, GETDATE())),
(8, 47, 1, DATEADD(DAY, -1, GETDATE())),
(8, 48, 0, NULL),
(8, 49, 1, DATEADD(DAY, -16, GETDATE())),
(8, 50, 1, DATEADD(DAY, -16, GETDATE())),
(8, 51, 1, DATEADD(DAY, -30, GETDATE())),
(8, 52, 1, DATEADD(DAY, -4, GETDATE())),
(8, 53, 1, DATEADD(DAY, -14, GETDATE())),
(8, 54, 1, DATEADD(DAY, -31, GETDATE())),
(8, 55, 1, DATEADD(DAY, -27, GETDATE())),
(8, 56, 0, NULL),
(8, 57, 0, NULL),
(8, 58, 0, NULL),
(8, 59, 1, DATEADD(DAY, -31, GETDATE())),
(8, 60, 1, DATEADD(DAY, -5, GETDATE())),
(8, 61, 1, DATEADD(DAY, -38, GETDATE())),
(8, 62, 0, NULL),
(8, 63, 0, NULL),
(8, 64, 1, DATEADD(DAY, -13, GETDATE())),
(8, 65, 0, NULL),
(8, 66, 0, NULL),
(8, 67, 1, DATEADD(DAY, -37, GETDATE())),
(8, 68, 1, DATEADD(DAY, -29, GETDATE())),
(8, 69, 0, NULL),
(8, 70, 1, DATEADD(DAY, -18, GETDATE())),
(8, 71, 1, DATEADD(DAY, -5, GETDATE())),
(8, 72, 0, NULL),
(8, 73, 0, NULL),
(8, 74, 1, DATEADD(DAY, -23, GETDATE())),
(9, 25, 0, NULL),
(9, 26, 1, DATEADD(DAY, -12, GETDATE())),
(9, 27, 0, NULL),
(9, 28, 1, DATEADD(DAY, -3, GETDATE())),
(9, 29, 0, NULL),
(9, 30, 0, NULL),
(9, 31, 1, DATEADD(DAY, -22, GETDATE())),
(9, 32, 0, NULL),
(9, 33, 0, NULL),
(9, 34, 0, NULL),
(9, 35, 1, DATEADD(DAY, -19, GETDATE())),
(9, 36, 0, NULL),
(9, 37, 0, NULL),
(9, 38, 0, NULL),
(9, 39, 0, NULL),
(9, 40, 0, NULL),
(9, 41, 1, DATEADD(DAY, -1, GETDATE())),
(9, 42, 0, NULL),
(9, 43, 1, DATEADD(DAY, -17, GETDATE())),
(9, 44, 0, NULL),
(9, 45, 0, NULL),
(9, 46, 0, NULL),
(9, 47, 1, DATEADD(DAY, -21, GETDATE())),
(9, 48, 1, DATEADD(DAY, -8, GETDATE())),
(9, 49, 1, DATEADD(DAY, -41, GETDATE())),
(9, 50, 0, NULL),
(9, 51, 0, NULL),
(9, 52, 1, DATEADD(DAY, -21, GETDATE())),
(9, 53, 1, DATEADD(DAY, -35, GETDATE())),
(9, 54, 0, NULL),
(9, 55, 0, NULL),
(9, 56, 0, NULL),
(9, 57, 0, NULL),
(9, 58, 0, NULL),
(9, 59, 0, NULL),
(9, 60, 0, NULL),
(9, 61, 0, NULL),
(9, 62, 0, NULL),
(9, 63, 0, NULL),
(9, 64, 0, NULL),
(9, 65, 0, NULL),
(9, 66, 0, NULL),
(9, 67, 0, NULL),
(9, 68, 0, NULL),
(9, 69, 0, NULL),
(9, 70, 1, DATEADD(DAY, -30, GETDATE())),
(9, 71, 0, NULL),
(9, 72, 0, NULL),
(9, 73, 0, NULL),
(9, 74, 0, NULL),
(10, 1, 0, NULL),
(10, 2, 0, NULL),
(10, 3, 1, DATEADD(DAY, -10, GETDATE())),
(10, 4, 1, DATEADD(DAY, -45, GETDATE())),
(10, 5, 1, DATEADD(DAY, -7, GETDATE())),
(10, 6, 0, NULL),
(10, 7, 0, NULL),
(10, 8, 1, DATEADD(DAY, -1, GETDATE())),
(10, 9, 0, NULL),
(10, 10, 0, NULL),
(10, 11, 0, NULL),
(10, 12, 1, DATEADD(DAY, -18, GETDATE())),
(10, 13, 1, DATEADD(DAY, -47, GETDATE())),
(10, 14, 1, DATEADD(DAY, -10, GETDATE())),
(10, 15, 1, DATEADD(DAY, -5, GETDATE())),
(10, 16, 1, DATEADD(DAY, -23, GETDATE())),
(10, 17, 0, NULL),
(10, 18, 0, NULL),
(10, 19, 1, DATEADD(DAY, -22, GETDATE())),
(10, 20, 0, NULL),
(10, 21, 1, DATEADD(DAY, -9, GETDATE())),
(10, 22, 1, DATEADD(DAY, -6, GETDATE())),
(10, 23, 0, NULL),
(10, 24, 0, NULL),
(10, 25, 0, NULL),
(10, 26, 1, DATEADD(DAY, -27, GETDATE())),
(10, 27, 1, DATEADD(DAY, -44, GETDATE())),
(10, 28, 1, DATEADD(DAY, -25, GETDATE())),
(10, 29, 1, DATEADD(DAY, -40, GETDATE())),
(10, 30, 0, NULL),
(10, 31, 0, NULL),
(10, 32, 0, NULL),
(10, 33, 1, DATEADD(DAY, -5, GETDATE())),
(10, 34, 0, NULL),
(10, 35, 1, DATEADD(DAY, -44, GETDATE())),
(10, 36, 0, NULL),
(10, 37, 0, NULL),
(10, 38, 0, NULL),
(10, 39, 0, NULL),
(10, 40, 1, DATEADD(DAY, -45, GETDATE())),
(10, 41, 0, NULL),
(10, 42, 0, NULL),
(10, 43, 1, DATEADD(DAY, -34, GETDATE())),
(10, 44, 0, NULL),
(10, 45, 0, NULL),
(10, 46, 1, DATEADD(DAY, -48, GETDATE())),
(10, 47, 0, NULL),
(10, 48, 1, DATEADD(DAY, -27, GETDATE())),
(10, 49, 1, DATEADD(DAY, -31, GETDATE())),
(10, 50, 0, NULL),
(10, 51, 0, NULL),
(10, 52, 1, DATEADD(DAY, -28, GETDATE())),
(10, 53, 1, DATEADD(DAY, -26, GETDATE())),
(10, 54, 1, DATEADD(DAY, -38, GETDATE())),
(10, 55, 0, NULL),
(10, 56, 0, NULL),
(10, 57, 0, NULL),
(10, 58, 0, NULL),
(10, 59, 0, NULL),
(10, 60, 0, NULL),
(10, 61, 0, NULL),
(10, 62, 0, NULL),
(10, 63, 0, NULL),
(10, 64, 0, NULL),
(10, 65, 0, NULL),
(10, 66, 0, NULL),
(10, 67, 0, NULL),
(10, 68, 0, NULL),
(10, 69, 0, NULL),
(10, 70, 1, DATEADD(DAY, -15, GETDATE())),
(10, 71, 0, NULL),
(10, 72, 0, NULL),
(10, 73, 0, NULL),
(10, 74, 0, NULL),
(11, 1, 1, DATEADD(DAY, -34, GETDATE())),
(11, 2, 1, DATEADD(DAY, -41, GETDATE())),
(11, 3, 1, DATEADD(DAY, -12, GETDATE())),
(11, 4, 1, DATEADD(DAY, -43, GETDATE())),
(11, 5, 1, DATEADD(DAY, -9, GETDATE())),
(11, 6, 1, DATEADD(DAY, -17, GETDATE())),
(11, 7, 1, DATEADD(DAY, -21, GETDATE())),
(11, 8, 1, DATEADD(DAY, -26, GETDATE())),
(11, 9, 1, DATEADD(DAY, -9, GETDATE())),
(11, 10, 1, DATEADD(DAY, -15, GETDATE())),
(11, 11, 1, DATEADD(DAY, -19, GETDATE())),
(11, 12, 1, DATEADD(DAY, -27, GETDATE())),
(11, 13, 1, DATEADD(DAY, -17, GETDATE())),
(11, 14, 1, DATEADD(DAY, -12, GETDATE())),
(11, 15, 1, DATEADD(DAY, -1, GETDATE())),
(11, 16, 1, DATEADD(DAY, -5, GETDATE())),
(11, 17, 1, DATEADD(DAY, -12, GETDATE())),
(11, 18, 1, DATEADD(DAY, -21, GETDATE())),
(11, 19, 1, DATEADD(DAY, -16, GETDATE())),
(11, 20, 1, DATEADD(DAY, -49, GETDATE())),
(11, 21, 1, DATEADD(DAY, -22, GETDATE())),
(11, 22, 1, DATEADD(DAY, -19, GETDATE())),
(11, 23, 1, DATEADD(DAY, -5, GETDATE())),
(11, 24, 1, DATEADD(DAY, -39, GETDATE())),
(11, 25, 1, DATEADD(DAY, -9, GETDATE())),
(11, 26, 1, DATEADD(DAY, -42, GETDATE())),
(11, 27, 1, DATEADD(DAY, -34, GETDATE())),
(11, 28, 1, DATEADD(DAY, -35, GETDATE())),
(11, 29, 1, DATEADD(DAY, -27, GETDATE())),
(11, 30, 1, DATEADD(DAY, -45, GETDATE())),
(11, 31, 1, DATEADD(DAY, -32, GETDATE())),
(11, 32, 1, DATEADD(DAY, -4, GETDATE())),
(11, 33, 1, DATEADD(DAY, -5, GETDATE())),
(11, 34, 1, DATEADD(DAY, -16, GETDATE())),
(11, 35, 1, DATEADD(DAY, -9, GETDATE())),
(11, 36, 1, DATEADD(DAY, -37, GETDATE())),
(11, 37, 1, DATEADD(DAY, -20, GETDATE())),
(11, 38, 1, DATEADD(DAY, -12, GETDATE())),
(11, 39, 1, DATEADD(DAY, -17, GETDATE())),
(11, 40, 1, DATEADD(DAY, -42, GETDATE())),
(11, 41, 1, DATEADD(DAY, -22, GETDATE())),
(11, 42, 1, DATEADD(DAY, -40, GETDATE())),
(11, 43, 1, DATEADD(DAY, -42, GETDATE())),
(11, 44, 1, DATEADD(DAY, -10, GETDATE())),
(11, 45, 1, DATEADD(DAY, -41, GETDATE())),
(11, 46, 1, DATEADD(DAY, -37, GETDATE())),
(11, 47, 1, DATEADD(DAY, -35, GETDATE())),
(11, 48, 1, DATEADD(DAY, -35, GETDATE())),
(11, 49, 1, DATEADD(DAY, -15, GETDATE())),
(11, 50, 1, DATEADD(DAY, -26, GETDATE())),
(11, 51, 1, DATEADD(DAY, -24, GETDATE())),
(11, 52, 1, DATEADD(DAY, -47, GETDATE())),
(11, 53, 1, DATEADD(DAY, -47, GETDATE())),
(11, 54, 1, DATEADD(DAY, -9, GETDATE())),
(12, 1, 1, DATEADD(DAY, -40, GETDATE())),
(12, 2, 1, DATEADD(DAY, -50, GETDATE())),
(12, 3, 1, DATEADD(DAY, -11, GETDATE())),
(12, 4, 1, DATEADD(DAY, -24, GETDATE())),
(12, 5, 1, DATEADD(DAY, -33, GETDATE())),
(12, 6, 0, NULL),
(12, 7, 0, NULL),
(12, 8, 0, NULL),
(12, 9, 0, NULL),
(12, 10, 1, DATEADD(DAY, -47, GETDATE())),
(12, 11, 1, DATEADD(DAY, -5, GETDATE())),
(12, 12, 0, NULL),
(12, 13, 1, DATEADD(DAY, -15, GETDATE())),
(12, 14, 1, DATEADD(DAY, -14, GETDATE())),
(12, 15, 0, NULL),
(12, 16, 0, NULL),
(12, 17, 1, DATEADD(DAY, -23, GETDATE())),
(12, 18, 0, NULL),
(12, 19, 0, NULL),
(12, 20, 0, NULL),
(12, 21, 1, DATEADD(DAY, -16, GETDATE())),
(12, 22, 1, DATEADD(DAY, -26, GETDATE())),
(12, 23, 0, NULL),
(12, 24, 1, DATEADD(DAY, -30, GETDATE())),
(13, 55, 0, NULL),
(13, 56, 0, NULL);
GO

-- Batch 2/4
INSERT INTO LessonProgress (StudentID, LessonID, IsCompleted, CompletedDate)
VALUES
(13, 57, 0, NULL),
(13, 58, 1, DATEADD(DAY, -17, GETDATE())),
(13, 59, 1, DATEADD(DAY, -19, GETDATE())),
(13, 60, 1, DATEADD(DAY, -48, GETDATE())),
(13, 61, 0, NULL),
(13, 62, 0, NULL),
(13, 63, 0, NULL),
(13, 64, 1, DATEADD(DAY, -40, GETDATE())),
(13, 65, 0, NULL),
(13, 66, 0, NULL),
(13, 67, 1, DATEADD(DAY, -35, GETDATE())),
(13, 68, 1, DATEADD(DAY, -22, GETDATE())),
(13, 69, 1, DATEADD(DAY, -43, GETDATE())),
(13, 70, 1, DATEADD(DAY, -8, GETDATE())),
(13, 71, 1, DATEADD(DAY, -22, GETDATE())),
(13, 72, 1, DATEADD(DAY, -8, GETDATE())),
(13, 73, 0, NULL),
(13, 74, 0, NULL),
(13, 1, 1, DATEADD(DAY, -37, GETDATE())),
(13, 2, 1, DATEADD(DAY, -22, GETDATE())),
(13, 3, 1, DATEADD(DAY, -38, GETDATE())),
(13, 4, 1, DATEADD(DAY, -30, GETDATE())),
(13, 5, 1, DATEADD(DAY, -36, GETDATE())),
(13, 6, 1, DATEADD(DAY, -44, GETDATE())),
(13, 7, 1, DATEADD(DAY, -42, GETDATE())),
(13, 8, 1, DATEADD(DAY, -19, GETDATE())),
(13, 9, 1, DATEADD(DAY, -36, GETDATE())),
(13, 10, 1, DATEADD(DAY, -10, GETDATE())),
(13, 11, 1, DATEADD(DAY, -21, GETDATE())),
(13, 12, 1, DATEADD(DAY, -5, GETDATE())),
(13, 13, 1, DATEADD(DAY, -27, GETDATE())),
(13, 14, 1, DATEADD(DAY, -13, GETDATE())),
(13, 15, 1, DATEADD(DAY, -7, GETDATE())),
(13, 16, 1, DATEADD(DAY, -32, GETDATE())),
(13, 17, 1, DATEADD(DAY, -14, GETDATE())),
(13, 18, 1, DATEADD(DAY, -17, GETDATE())),
(13, 19, 1, DATEADD(DAY, -6, GETDATE())),
(13, 20, 1, DATEADD(DAY, -2, GETDATE())),
(13, 21, 1, DATEADD(DAY, -22, GETDATE())),
(13, 22, 1, DATEADD(DAY, -25, GETDATE())),
(13, 23, 1, DATEADD(DAY, -3, GETDATE())),
(13, 24, 1, DATEADD(DAY, -18, GETDATE())),
(14, 25, 0, NULL),
(14, 26, 1, DATEADD(DAY, -18, GETDATE())),
(14, 27, 0, NULL),
(14, 28, 0, NULL),
(14, 29, 0, NULL),
(14, 30, 0, NULL),
(14, 31, 0, NULL),
(14, 32, 0, NULL),
(14, 33, 0, NULL),
(14, 34, 0, NULL),
(14, 35, 0, NULL),
(14, 36, 1, DATEADD(DAY, -33, GETDATE())),
(14, 37, 0, NULL),
(14, 38, 0, NULL),
(14, 39, 0, NULL),
(14, 40, 0, NULL),
(14, 41, 0, NULL),
(14, 42, 0, NULL),
(14, 43, 0, NULL),
(14, 44, 0, NULL),
(14, 45, 1, DATEADD(DAY, -22, GETDATE())),
(14, 46, 0, NULL),
(14, 47, 0, NULL),
(14, 48, 1, DATEADD(DAY, -7, GETDATE())),
(14, 49, 0, NULL),
(14, 50, 0, NULL),
(14, 51, 0, NULL),
(14, 52, 0, NULL),
(14, 53, 0, NULL),
(14, 54, 0, NULL),
(14, 1, 0, NULL),
(14, 2, 0, NULL),
(14, 3, 0, NULL),
(14, 4, 0, NULL),
(14, 5, 0, NULL),
(14, 6, 0, NULL),
(14, 7, 0, NULL),
(14, 8, 0, NULL),
(14, 9, 0, NULL),
(14, 10, 0, NULL),
(14, 11, 0, NULL),
(14, 12, 0, NULL),
(14, 13, 0, NULL),
(14, 14, 0, NULL),
(14, 15, 0, NULL),
(14, 16, 0, NULL),
(14, 17, 0, NULL),
(14, 18, 0, NULL),
(14, 19, 0, NULL),
(14, 20, 0, NULL),
(14, 21, 0, NULL),
(14, 22, 0, NULL),
(14, 23, 0, NULL),
(14, 24, 0, NULL),
(14, 55, 0, NULL),
(14, 56, 0, NULL),
(14, 57, 0, NULL),
(14, 58, 0, NULL),
(14, 59, 0, NULL),
(14, 60, 0, NULL),
(14, 61, 0, NULL),
(14, 62, 0, NULL),
(14, 63, 0, NULL),
(14, 64, 0, NULL),
(14, 65, 0, NULL),
(14, 66, 0, NULL),
(14, 67, 0, NULL),
(14, 68, 0, NULL),
(14, 69, 0, NULL),
(14, 70, 0, NULL),
(14, 71, 0, NULL),
(14, 72, 0, NULL),
(14, 73, 0, NULL),
(14, 74, 0, NULL),
(15, 25, 1, DATEADD(DAY, -48, GETDATE())),
(15, 26, 1, DATEADD(DAY, -21, GETDATE())),
(15, 27, 1, DATEADD(DAY, -28, GETDATE())),
(15, 28, 1, DATEADD(DAY, -41, GETDATE())),
(15, 29, 1, DATEADD(DAY, -10, GETDATE())),
(15, 30, 1, DATEADD(DAY, -25, GETDATE())),
(15, 31, 1, DATEADD(DAY, -13, GETDATE())),
(15, 32, 1, DATEADD(DAY, -46, GETDATE())),
(15, 33, 1, DATEADD(DAY, -46, GETDATE())),
(15, 34, 1, DATEADD(DAY, -36, GETDATE())),
(15, 35, 1, DATEADD(DAY, -10, GETDATE())),
(15, 36, 1, DATEADD(DAY, -43, GETDATE())),
(15, 37, 1, DATEADD(DAY, -43, GETDATE())),
(15, 38, 1, DATEADD(DAY, -9, GETDATE())),
(15, 39, 1, DATEADD(DAY, -28, GETDATE())),
(15, 40, 1, DATEADD(DAY, -42, GETDATE())),
(15, 41, 1, DATEADD(DAY, -33, GETDATE())),
(15, 42, 1, DATEADD(DAY, -28, GETDATE())),
(15, 43, 1, DATEADD(DAY, -45, GETDATE())),
(15, 44, 1, DATEADD(DAY, -21, GETDATE())),
(15, 45, 1, DATEADD(DAY, -30, GETDATE())),
(15, 46, 1, DATEADD(DAY, -6, GETDATE())),
(15, 47, 1, DATEADD(DAY, -4, GETDATE())),
(15, 48, 1, DATEADD(DAY, -28, GETDATE())),
(15, 49, 1, DATEADD(DAY, -9, GETDATE())),
(15, 50, 1, DATEADD(DAY, -45, GETDATE())),
(15, 51, 1, DATEADD(DAY, -46, GETDATE())),
(15, 52, 1, DATEADD(DAY, -26, GETDATE())),
(15, 53, 1, DATEADD(DAY, -30, GETDATE())),
(15, 54, 1, DATEADD(DAY, -36, GETDATE())),
(16, 55, 0, NULL),
(16, 56, 0, NULL),
(16, 57, 0, NULL),
(16, 58, 1, DATEADD(DAY, -37, GETDATE())),
(16, 59, 0, NULL),
(16, 60, 0, NULL),
(16, 61, 0, NULL),
(16, 62, 0, NULL),
(16, 63, 0, NULL),
(16, 64, 0, NULL),
(16, 65, 1, DATEADD(DAY, -14, GETDATE())),
(16, 66, 0, NULL),
(16, 67, 1, DATEADD(DAY, -13, GETDATE())),
(16, 68, 0, NULL),
(16, 69, 0, NULL),
(16, 70, 1, DATEADD(DAY, -23, GETDATE())),
(16, 71, 0, NULL),
(16, 72, 0, NULL),
(16, 73, 1, DATEADD(DAY, -1, GETDATE())),
(16, 74, 0, NULL),
(16, 25, 1, DATEADD(DAY, -20, GETDATE())),
(16, 26, 0, NULL),
(16, 27, 0, NULL),
(16, 28, 0, NULL),
(16, 29, 0, NULL),
(16, 30, 1, DATEADD(DAY, -10, GETDATE())),
(16, 31, 0, NULL),
(16, 32, 1, DATEADD(DAY, -3, GETDATE())),
(16, 33, 0, NULL),
(16, 34, 1, DATEADD(DAY, -18, GETDATE())),
(16, 35, 0, NULL),
(16, 36, 0, NULL),
(16, 37, 0, NULL),
(16, 38, 0, NULL),
(16, 39, 0, NULL),
(16, 40, 0, NULL),
(16, 41, 1, DATEADD(DAY, -18, GETDATE())),
(16, 42, 0, NULL),
(16, 43, 0, NULL),
(16, 44, 0, NULL),
(16, 45, 1, DATEADD(DAY, -15, GETDATE())),
(16, 46, 0, NULL),
(16, 47, 0, NULL),
(16, 48, 0, NULL),
(16, 49, 0, NULL),
(16, 50, 0, NULL),
(16, 51, 0, NULL),
(16, 52, 1, DATEADD(DAY, -40, GETDATE())),
(16, 53, 0, NULL),
(16, 54, 0, NULL),
(16, 1, 1, DATEADD(DAY, -20, GETDATE())),
(16, 2, 1, DATEADD(DAY, -18, GETDATE())),
(16, 3, 0, NULL),
(16, 4, 0, NULL),
(16, 5, 1, DATEADD(DAY, -24, GETDATE())),
(16, 6, 0, NULL),
(16, 7, 1, DATEADD(DAY, -10, GETDATE())),
(16, 8, 0, NULL),
(16, 9, 0, NULL),
(16, 10, 0, NULL),
(16, 11, 1, DATEADD(DAY, -9, GETDATE())),
(16, 12, 0, NULL),
(16, 13, 0, NULL),
(16, 14, 0, NULL),
(16, 15, 0, NULL),
(16, 16, 1, DATEADD(DAY, -27, GETDATE())),
(16, 17, 0, NULL),
(16, 18, 0, NULL),
(16, 19, 1, DATEADD(DAY, -32, GETDATE())),
(16, 20, 1, DATEADD(DAY, -32, GETDATE())),
(16, 21, 0, NULL),
(16, 22, 0, NULL),
(16, 23, 1, DATEADD(DAY, -35, GETDATE())),
(16, 24, 0, NULL),
(17, 25, 0, NULL),
(17, 26, 0, NULL),
(17, 27, 0, NULL),
(17, 28, 0, NULL),
(17, 29, 0, NULL),
(17, 30, 0, NULL),
(17, 31, 0, NULL),
(17, 32, 0, NULL),
(17, 33, 0, NULL),
(17, 34, 0, NULL),
(17, 35, 0, NULL),
(17, 36, 0, NULL),
(17, 37, 0, NULL),
(17, 38, 0, NULL),
(17, 39, 0, NULL),
(17, 40, 0, NULL),
(17, 41, 1, DATEADD(DAY, -16, GETDATE())),
(17, 42, 0, NULL),
(17, 43, 0, NULL),
(17, 44, 0, NULL),
(17, 45, 0, NULL),
(17, 46, 0, NULL),
(17, 47, 0, NULL),
(17, 48, 0, NULL),
(17, 49, 0, NULL),
(17, 50, 0, NULL),
(17, 51, 0, NULL),
(17, 52, 0, NULL),
(17, 53, 0, NULL),
(17, 54, 0, NULL),
(17, 55, 0, NULL),
(17, 56, 0, NULL),
(17, 57, 0, NULL),
(17, 58, 0, NULL),
(17, 59, 0, NULL),
(17, 60, 0, NULL),
(17, 61, 0, NULL),
(17, 62, 0, NULL),
(17, 63, 0, NULL),
(17, 64, 0, NULL),
(17, 65, 0, NULL),
(17, 66, 0, NULL),
(17, 67, 0, NULL),
(17, 68, 0, NULL),
(17, 69, 0, NULL),
(17, 70, 0, NULL),
(17, 71, 0, NULL),
(17, 72, 1, DATEADD(DAY, -33, GETDATE())),
(17, 73, 1, DATEADD(DAY, -38, GETDATE())),
(17, 74, 0, NULL),
(17, 1, 1, DATEADD(DAY, -9, GETDATE())),
(17, 2, 1, DATEADD(DAY, -8, GETDATE())),
(17, 3, 1, DATEADD(DAY, -32, GETDATE())),
(17, 4, 1, DATEADD(DAY, -15, GETDATE())),
(17, 5, 1, DATEADD(DAY, -14, GETDATE())),
(17, 6, 1, DATEADD(DAY, -23, GETDATE())),
(17, 7, 1, DATEADD(DAY, -10, GETDATE())),
(17, 8, 1, DATEADD(DAY, -17, GETDATE())),
(17, 9, 1, DATEADD(DAY, -4, GETDATE())),
(17, 10, 1, DATEADD(DAY, -6, GETDATE())),
(17, 11, 1, DATEADD(DAY, -48, GETDATE())),
(17, 12, 1, DATEADD(DAY, -31, GETDATE())),
(17, 13, 1, DATEADD(DAY, -9, GETDATE())),
(17, 14, 1, DATEADD(DAY, -42, GETDATE())),
(17, 15, 1, DATEADD(DAY, -16, GETDATE())),
(17, 16, 1, DATEADD(DAY, -5, GETDATE())),
(17, 17, 1, DATEADD(DAY, -42, GETDATE())),
(17, 18, 1, DATEADD(DAY, -36, GETDATE())),
(17, 19, 1, DATEADD(DAY, -16, GETDATE())),
(17, 20, 1, DATEADD(DAY, -14, GETDATE())),
(17, 21, 1, DATEADD(DAY, -35, GETDATE())),
(17, 22, 1, DATEADD(DAY, -31, GETDATE())),
(17, 23, 1, DATEADD(DAY, -3, GETDATE())),
(17, 24, 1, DATEADD(DAY, -11, GETDATE())),
(18, 25, 0, NULL),
(18, 26, 0, NULL),
(18, 27, 1, DATEADD(DAY, -23, GETDATE())),
(18, 28, 0, NULL),
(18, 29, 0, NULL),
(18, 30, 0, NULL),
(18, 31, 0, NULL),
(18, 32, 1, DATEADD(DAY, -10, GETDATE())),
(18, 33, 0, NULL),
(18, 34, 0, NULL),
(18, 35, 0, NULL),
(18, 36, 0, NULL),
(18, 37, 0, NULL),
(18, 38, 0, NULL),
(18, 39, 0, NULL),
(18, 40, 0, NULL),
(18, 41, 1, DATEADD(DAY, -21, GETDATE())),
(18, 42, 0, NULL),
(18, 43, 0, NULL),
(18, 44, 0, NULL),
(18, 45, 0, NULL),
(18, 46, 0, NULL),
(18, 47, 1, DATEADD(DAY, -5, GETDATE())),
(18, 48, 0, NULL),
(18, 49, 0, NULL),
(18, 50, 1, DATEADD(DAY, -43, GETDATE())),
(18, 51, 1, DATEADD(DAY, -40, GETDATE())),
(18, 52, 1, DATEADD(DAY, -21, GETDATE())),
(18, 53, 0, NULL),
(18, 54, 1, DATEADD(DAY, -22, GETDATE())),
(18, 1, 0, NULL),
(18, 2, 1, DATEADD(DAY, -17, GETDATE())),
(18, 3, 1, DATEADD(DAY, -45, GETDATE())),
(18, 4, 1, DATEADD(DAY, -44, GETDATE())),
(18, 5, 1, DATEADD(DAY, -26, GETDATE())),
(18, 6, 1, DATEADD(DAY, -16, GETDATE())),
(18, 7, 0, NULL),
(18, 8, 1, DATEADD(DAY, -7, GETDATE())),
(18, 9, 1, DATEADD(DAY, -49, GETDATE())),
(18, 10, 1, DATEADD(DAY, -28, GETDATE())),
(18, 11, 1, DATEADD(DAY, -21, GETDATE())),
(18, 12, 1, DATEADD(DAY, -13, GETDATE())),
(18, 13, 0, NULL),
(18, 14, 0, NULL),
(18, 15, 0, NULL),
(18, 16, 1, DATEADD(DAY, -1, GETDATE())),
(18, 17, 1, DATEADD(DAY, -47, GETDATE())),
(18, 18, 1, DATEADD(DAY, -40, GETDATE())),
(18, 19, 1, DATEADD(DAY, -12, GETDATE())),
(18, 20, 0, NULL),
(18, 21, 1, DATEADD(DAY, -1, GETDATE())),
(18, 22, 1, DATEADD(DAY, -19, GETDATE())),
(18, 23, 0, NULL),
(18, 24, 1, DATEADD(DAY, -48, GETDATE())),
(19, 55, 0, NULL),
(19, 56, 1, DATEADD(DAY, -2, GETDATE())),
(19, 57, 0, NULL),
(19, 58, 0, NULL),
(19, 59, 0, NULL),
(19, 60, 0, NULL),
(19, 61, 0, NULL),
(19, 62, 1, DATEADD(DAY, -14, GETDATE())),
(19, 63, 0, NULL),
(19, 64, 0, NULL),
(19, 65, 0, NULL),
(19, 66, 0, NULL),
(19, 67, 0, NULL),
(19, 68, 1, DATEADD(DAY, -25, GETDATE())),
(19, 69, 1, DATEADD(DAY, -20, GETDATE())),
(19, 70, 0, NULL),
(19, 71, 0, NULL),
(19, 72, 0, NULL),
(19, 73, 0, NULL),
(19, 74, 0, NULL),
(20, 25, 0, NULL),
(20, 26, 0, NULL),
(20, 27, 0, NULL),
(20, 28, 1, DATEADD(DAY, -41, GETDATE())),
(20, 29, 1, DATEADD(DAY, -27, GETDATE())),
(20, 30, 1, DATEADD(DAY, -8, GETDATE())),
(20, 31, 1, DATEADD(DAY, -13, GETDATE())),
(20, 32, 0, NULL),
(20, 33, 1, DATEADD(DAY, -45, GETDATE())),
(20, 34, 1, DATEADD(DAY, -37, GETDATE())),
(20, 35, 1, DATEADD(DAY, -46, GETDATE())),
(20, 36, 0, NULL),
(20, 37, 0, NULL),
(20, 38, 0, NULL),
(20, 39, 1, DATEADD(DAY, -16, GETDATE())),
(20, 40, 1, DATEADD(DAY, -7, GETDATE())),
(20, 41, 0, NULL),
(20, 42, 0, NULL),
(20, 43, 0, NULL),
(20, 44, 0, NULL),
(20, 45, 1, DATEADD(DAY, -29, GETDATE())),
(20, 46, 1, DATEADD(DAY, -9, GETDATE())),
(20, 47, 0, NULL),
(20, 48, 0, NULL),
(20, 49, 0, NULL),
(20, 50, 0, NULL),
(20, 51, 1, DATEADD(DAY, -12, GETDATE())),
(20, 52, 1, DATEADD(DAY, -33, GETDATE())),
(20, 53, 0, NULL),
(20, 54, 1, DATEADD(DAY, -32, GETDATE())),
(20, 55, 1, DATEADD(DAY, -12, GETDATE())),
(20, 56, 1, DATEADD(DAY, -13, GETDATE())),
(20, 57, 1, DATEADD(DAY, -26, GETDATE())),
(20, 58, 0, NULL),
(20, 59, 1, DATEADD(DAY, -38, GETDATE())),
(20, 60, 1, DATEADD(DAY, -42, GETDATE())),
(20, 61, 1, DATEADD(DAY, -28, GETDATE())),
(20, 62, 1, DATEADD(DAY, -17, GETDATE())),
(20, 63, 1, DATEADD(DAY, -41, GETDATE())),
(20, 64, 1, DATEADD(DAY, -20, GETDATE())),
(20, 65, 0, NULL),
(20, 66, 0, NULL),
(20, 67, 1, DATEADD(DAY, -44, GETDATE())),
(20, 68, 1, DATEADD(DAY, -14, GETDATE())),
(20, 69, 0, NULL),
(20, 70, 1, DATEADD(DAY, -4, GETDATE())),
(20, 71, 1, DATEADD(DAY, -43, GETDATE())),
(20, 72, 1, DATEADD(DAY, -18, GETDATE())),
(20, 73, 1, DATEADD(DAY, -22, GETDATE())),
(20, 74, 1, DATEADD(DAY, -25, GETDATE())),
(21, 55, 0, NULL),
(21, 56, 0, NULL),
(21, 57, 0, NULL),
(21, 58, 1, DATEADD(DAY, -28, GETDATE())),
(21, 59, 1, DATEADD(DAY, -11, GETDATE())),
(21, 60, 0, NULL),
(21, 61, 1, DATEADD(DAY, -15, GETDATE())),
(21, 62, 0, NULL),
(21, 63, 1, DATEADD(DAY, -43, GETDATE())),
(21, 64, 0, NULL),
(21, 65, 1, DATEADD(DAY, -9, GETDATE())),
(21, 66, 0, NULL),
(21, 67, 0, NULL),
(21, 68, 0, NULL),
(21, 69, 1, DATEADD(DAY, -1, GETDATE())),
(21, 70, 1, DATEADD(DAY, -40, GETDATE())),
(21, 71, 0, NULL),
(21, 72, 1, DATEADD(DAY, -5, GETDATE())),
(21, 73, 0, NULL),
(21, 74, 1, DATEADD(DAY, -20, GETDATE())),
(22, 55, 0, NULL),
(22, 56, 0, NULL),
(22, 57, 1, DATEADD(DAY, -3, GETDATE())),
(22, 58, 0, NULL),
(22, 59, 0, NULL),
(22, 60, 0, NULL),
(22, 61, 0, NULL),
(22, 62, 1, DATEADD(DAY, -40, GETDATE())),
(22, 63, 0, NULL),
(22, 64, 0, NULL),
(22, 65, 0, NULL),
(22, 66, 0, NULL),
(22, 67, 0, NULL),
(22, 68, 1, DATEADD(DAY, -23, GETDATE())),
(22, 69, 0, NULL),
(22, 70, 0, NULL),
(22, 71, 0, NULL),
(22, 72, 0, NULL),
(22, 73, 1, DATEADD(DAY, -21, GETDATE())),
(22, 74, 0, NULL),
(23, 55, 0, NULL),
(23, 56, 0, NULL),
(23, 57, 0, NULL),
(23, 58, 0, NULL),
(23, 59, 0, NULL),
(23, 60, 0, NULL),
(23, 61, 0, NULL),
(23, 62, 0, NULL),
(23, 63, 0, NULL),
(23, 64, 0, NULL),
(23, 65, 0, NULL),
(23, 66, 0, NULL),
(23, 67, 0, NULL),
(23, 68, 0, NULL),
(23, 69, 1, DATEADD(DAY, -42, GETDATE())),
(23, 70, 0, NULL),
(23, 71, 0, NULL),
(23, 72, 0, NULL),
(23, 73, 0, NULL),
(23, 74, 0, NULL),
(23, 1, 0, NULL),
(23, 2, 1, DATEADD(DAY, -4, GETDATE())),
(23, 3, 0, NULL),
(23, 4, 0, NULL),
(23, 5, 0, NULL),
(23, 6, 0, NULL),
(23, 7, 0, NULL),
(23, 8, 1, DATEADD(DAY, -27, GETDATE())),
(23, 9, 0, NULL),
(23, 10, 0, NULL),
(23, 11, 0, NULL),
(23, 12, 0, NULL),
(23, 13, 0, NULL),
(23, 14, 1, DATEADD(DAY, -33, GETDATE())),
(23, 15, 1, DATEADD(DAY, -17, GETDATE())),
(23, 16, 0, NULL),
(23, 17, 1, DATEADD(DAY, -20, GETDATE())),
(23, 18, 1, DATEADD(DAY, -37, GETDATE())),
(23, 19, 1, DATEADD(DAY, -17, GETDATE())),
(23, 20, 0, NULL),
(23, 21, 0, NULL),
(23, 22, 0, NULL);
GO

-- Batch 3/4
INSERT INTO LessonProgress (StudentID, LessonID, IsCompleted, CompletedDate)
VALUES
(23, 23, 0, NULL),
(23, 24, 0, NULL),
(24, 1, 1, DATEADD(DAY, -16, GETDATE())),
(24, 2, 1, DATEADD(DAY, -47, GETDATE())),
(24, 3, 1, DATEADD(DAY, -33, GETDATE())),
(24, 4, 1, DATEADD(DAY, -35, GETDATE())),
(24, 5, 1, DATEADD(DAY, -2, GETDATE())),
(24, 6, 1, DATEADD(DAY, -43, GETDATE())),
(24, 7, 1, DATEADD(DAY, -40, GETDATE())),
(24, 8, 1, DATEADD(DAY, -1, GETDATE())),
(24, 9, 1, DATEADD(DAY, -5, GETDATE())),
(24, 10, 1, DATEADD(DAY, -14, GETDATE())),
(24, 11, 1, DATEADD(DAY, -44, GETDATE())),
(24, 12, 1, DATEADD(DAY, -49, GETDATE())),
(24, 13, 1, DATEADD(DAY, -5, GETDATE())),
(24, 14, 1, DATEADD(DAY, -6, GETDATE())),
(24, 15, 1, DATEADD(DAY, -27, GETDATE())),
(24, 16, 1, DATEADD(DAY, -45, GETDATE())),
(24, 17, 1, DATEADD(DAY, -6, GETDATE())),
(24, 18, 1, DATEADD(DAY, -11, GETDATE())),
(24, 19, 1, DATEADD(DAY, -9, GETDATE())),
(24, 20, 1, DATEADD(DAY, -25, GETDATE())),
(24, 21, 1, DATEADD(DAY, -6, GETDATE())),
(24, 22, 1, DATEADD(DAY, -38, GETDATE())),
(24, 23, 1, DATEADD(DAY, -22, GETDATE())),
(24, 24, 1, DATEADD(DAY, -21, GETDATE())),
(24, 25, 0, NULL),
(24, 26, 0, NULL),
(24, 27, 0, NULL),
(24, 28, 0, NULL),
(24, 29, 0, NULL),
(24, 30, 0, NULL),
(24, 31, 1, DATEADD(DAY, -2, GETDATE())),
(24, 32, 0, NULL),
(24, 33, 0, NULL),
(24, 34, 0, NULL),
(24, 35, 0, NULL),
(24, 36, 1, DATEADD(DAY, -26, GETDATE())),
(24, 37, 0, NULL),
(24, 38, 0, NULL),
(24, 39, 0, NULL),
(24, 40, 0, NULL),
(24, 41, 1, DATEADD(DAY, -20, GETDATE())),
(24, 42, 1, DATEADD(DAY, -34, GETDATE())),
(24, 43, 0, NULL),
(24, 44, 0, NULL),
(24, 45, 0, NULL),
(24, 46, 0, NULL),
(24, 47, 0, NULL),
(24, 48, 0, NULL),
(24, 49, 0, NULL),
(24, 50, 0, NULL),
(24, 51, 1, DATEADD(DAY, -5, GETDATE())),
(24, 52, 0, NULL),
(24, 53, 1, DATEADD(DAY, -39, GETDATE())),
(24, 54, 0, NULL),
(24, 55, 1, DATEADD(DAY, -24, GETDATE())),
(24, 56, 0, NULL),
(24, 57, 0, NULL),
(24, 58, 1, DATEADD(DAY, -37, GETDATE())),
(24, 59, 0, NULL),
(24, 60, 0, NULL),
(24, 61, 0, NULL),
(24, 62, 1, DATEADD(DAY, -4, GETDATE())),
(24, 63, 0, NULL),
(24, 64, 1, DATEADD(DAY, -9, GETDATE())),
(24, 65, 1, DATEADD(DAY, -44, GETDATE())),
(24, 66, 1, DATEADD(DAY, -49, GETDATE())),
(24, 67, 0, NULL),
(24, 68, 0, NULL),
(24, 69, 0, NULL),
(24, 70, 0, NULL),
(24, 71, 1, DATEADD(DAY, -27, GETDATE())),
(24, 72, 0, NULL),
(24, 73, 1, DATEADD(DAY, -36, GETDATE())),
(24, 74, 1, DATEADD(DAY, -21, GETDATE())),
(25, 1, 0, NULL),
(25, 2, 1, DATEADD(DAY, -20, GETDATE())),
(25, 3, 0, NULL),
(25, 4, 0, NULL),
(25, 5, 0, NULL),
(25, 6, 0, NULL),
(25, 7, 1, DATEADD(DAY, -50, GETDATE())),
(25, 8, 1, DATEADD(DAY, -13, GETDATE())),
(25, 9, 1, DATEADD(DAY, -32, GETDATE())),
(25, 10, 1, DATEADD(DAY, -38, GETDATE())),
(25, 11, 1, DATEADD(DAY, -21, GETDATE())),
(25, 12, 1, DATEADD(DAY, -34, GETDATE())),
(25, 13, 0, NULL),
(25, 14, 1, DATEADD(DAY, -47, GETDATE())),
(25, 15, 0, NULL),
(25, 16, 0, NULL),
(25, 17, 1, DATEADD(DAY, -49, GETDATE())),
(25, 18, 0, NULL),
(25, 19, 0, NULL),
(25, 20, 1, DATEADD(DAY, -47, GETDATE())),
(25, 21, 1, DATEADD(DAY, -3, GETDATE())),
(25, 22, 1, DATEADD(DAY, -4, GETDATE())),
(25, 23, 1, DATEADD(DAY, -43, GETDATE())),
(25, 24, 1, DATEADD(DAY, -38, GETDATE())),
(25, 55, 1, DATEADD(DAY, -42, GETDATE())),
(25, 56, 0, NULL),
(25, 57, 1, DATEADD(DAY, -42, GETDATE())),
(25, 58, 1, DATEADD(DAY, -37, GETDATE())),
(25, 59, 0, NULL),
(25, 60, 0, NULL),
(25, 61, 0, NULL),
(25, 62, 1, DATEADD(DAY, -48, GETDATE())),
(25, 63, 0, NULL),
(25, 64, 1, DATEADD(DAY, -36, GETDATE())),
(25, 65, 1, DATEADD(DAY, -45, GETDATE())),
(25, 66, 0, NULL),
(25, 67, 0, NULL),
(25, 68, 0, NULL),
(25, 69, 1, DATEADD(DAY, -34, GETDATE())),
(25, 70, 0, NULL),
(25, 71, 1, DATEADD(DAY, -18, GETDATE())),
(25, 72, 0, NULL),
(25, 73, 1, DATEADD(DAY, -16, GETDATE())),
(25, 74, 0, NULL),
(26, 25, 0, NULL),
(26, 26, 0, NULL),
(26, 27, 0, NULL),
(26, 28, 0, NULL),
(26, 29, 0, NULL),
(26, 30, 0, NULL),
(26, 31, 0, NULL),
(26, 32, 0, NULL),
(26, 33, 0, NULL),
(26, 34, 1, DATEADD(DAY, -20, GETDATE())),
(26, 35, 1, DATEADD(DAY, -33, GETDATE())),
(26, 36, 0, NULL),
(26, 37, 0, NULL),
(26, 38, 0, NULL),
(26, 39, 0, NULL),
(26, 40, 0, NULL),
(26, 41, 0, NULL),
(26, 42, 0, NULL),
(26, 43, 0, NULL),
(26, 44, 0, NULL),
(26, 45, 0, NULL),
(26, 46, 0, NULL),
(26, 47, 1, DATEADD(DAY, -43, GETDATE())),
(26, 48, 0, NULL),
(26, 49, 1, DATEADD(DAY, -35, GETDATE())),
(26, 50, 0, NULL),
(26, 51, 1, DATEADD(DAY, -4, GETDATE())),
(26, 52, 0, NULL),
(26, 53, 0, NULL),
(26, 54, 0, NULL),
(26, 55, 0, NULL),
(26, 56, 0, NULL),
(26, 57, 1, DATEADD(DAY, -31, GETDATE())),
(26, 58, 0, NULL),
(26, 59, 1, DATEADD(DAY, -34, GETDATE())),
(26, 60, 0, NULL),
(26, 61, 1, DATEADD(DAY, -27, GETDATE())),
(26, 62, 1, DATEADD(DAY, -1, GETDATE())),
(26, 63, 0, NULL),
(26, 64, 1, DATEADD(DAY, -4, GETDATE())),
(26, 65, 0, NULL),
(26, 66, 0, NULL),
(26, 67, 0, NULL),
(26, 68, 0, NULL),
(26, 69, 0, NULL),
(26, 70, 0, NULL),
(26, 71, 0, NULL),
(26, 72, 1, DATEADD(DAY, -14, GETDATE())),
(26, 73, 1, DATEADD(DAY, -41, GETDATE())),
(26, 74, 1, DATEADD(DAY, -20, GETDATE())),
(26, 1, 1, DATEADD(DAY, -33, GETDATE())),
(26, 2, 1, DATEADD(DAY, -37, GETDATE())),
(26, 3, 1, DATEADD(DAY, -28, GETDATE())),
(26, 4, 0, NULL),
(26, 5, 1, DATEADD(DAY, -50, GETDATE())),
(26, 6, 0, NULL),
(26, 7, 1, DATEADD(DAY, -28, GETDATE())),
(26, 8, 1, DATEADD(DAY, -11, GETDATE())),
(26, 9, 1, DATEADD(DAY, -37, GETDATE())),
(26, 10, 1, DATEADD(DAY, -41, GETDATE())),
(26, 11, 0, NULL),
(26, 12, 0, NULL),
(26, 13, 1, DATEADD(DAY, -42, GETDATE())),
(26, 14, 1, DATEADD(DAY, -33, GETDATE())),
(26, 15, 1, DATEADD(DAY, -6, GETDATE())),
(26, 16, 0, NULL),
(26, 17, 1, DATEADD(DAY, -21, GETDATE())),
(26, 18, 0, NULL),
(26, 19, 1, DATEADD(DAY, -13, GETDATE())),
(26, 20, 1, DATEADD(DAY, -7, GETDATE())),
(26, 21, 1, DATEADD(DAY, -8, GETDATE())),
(26, 22, 0, NULL),
(26, 23, 0, NULL),
(26, 24, 1, DATEADD(DAY, -6, GETDATE())),
(27, 25, 1, DATEADD(DAY, -6, GETDATE())),
(27, 26, 1, DATEADD(DAY, -31, GETDATE())),
(27, 27, 0, NULL),
(27, 28, 1, DATEADD(DAY, -13, GETDATE())),
(27, 29, 0, NULL),
(27, 30, 1, DATEADD(DAY, -27, GETDATE())),
(27, 31, 1, DATEADD(DAY, -13, GETDATE())),
(27, 32, 1, DATEADD(DAY, -8, GETDATE())),
(27, 33, 1, DATEADD(DAY, -48, GETDATE())),
(27, 34, 0, NULL),
(27, 35, 1, DATEADD(DAY, -45, GETDATE())),
(27, 36, 0, NULL),
(27, 37, 1, DATEADD(DAY, -15, GETDATE())),
(27, 38, 1, DATEADD(DAY, -24, GETDATE())),
(27, 39, 1, DATEADD(DAY, -1, GETDATE())),
(27, 40, 1, DATEADD(DAY, -34, GETDATE())),
(27, 41, 1, DATEADD(DAY, -50, GETDATE())),
(27, 42, 1, DATEADD(DAY, -22, GETDATE())),
(27, 43, 0, NULL),
(27, 44, 1, DATEADD(DAY, -6, GETDATE())),
(27, 45, 1, DATEADD(DAY, -11, GETDATE())),
(27, 46, 0, NULL),
(27, 47, 0, NULL),
(27, 48, 0, NULL),
(27, 49, 0, NULL),
(27, 50, 0, NULL),
(27, 51, 0, NULL),
(27, 52, 1, DATEADD(DAY, -25, GETDATE())),
(27, 53, 1, DATEADD(DAY, -19, GETDATE())),
(27, 54, 0, NULL),
(27, 55, 0, NULL),
(27, 56, 0, NULL),
(27, 57, 0, NULL),
(27, 58, 1, DATEADD(DAY, -27, GETDATE())),
(27, 59, 1, DATEADD(DAY, -45, GETDATE())),
(27, 60, 1, DATEADD(DAY, -10, GETDATE())),
(27, 61, 0, NULL),
(27, 62, 1, DATEADD(DAY, -25, GETDATE())),
(27, 63, 1, DATEADD(DAY, -18, GETDATE())),
(27, 64, 1, DATEADD(DAY, -42, GETDATE())),
(27, 65, 0, NULL),
(27, 66, 0, NULL),
(27, 67, 0, NULL),
(27, 68, 1, DATEADD(DAY, -26, GETDATE())),
(27, 69, 1, DATEADD(DAY, -7, GETDATE())),
(27, 70, 0, NULL),
(27, 71, 1, DATEADD(DAY, -32, GETDATE())),
(27, 72, 0, NULL),
(27, 73, 1, DATEADD(DAY, -35, GETDATE())),
(27, 74, 1, DATEADD(DAY, -19, GETDATE())),
(28, 55, 1, DATEADD(DAY, -41, GETDATE())),
(28, 56, 0, NULL),
(28, 57, 0, NULL),
(28, 58, 1, DATEADD(DAY, -37, GETDATE())),
(28, 59, 0, NULL),
(28, 60, 0, NULL),
(28, 61, 0, NULL),
(28, 62, 0, NULL),
(28, 63, 0, NULL),
(28, 64, 0, NULL),
(28, 65, 0, NULL),
(28, 66, 0, NULL),
(28, 67, 0, NULL),
(28, 68, 1, DATEADD(DAY, -13, GETDATE())),
(28, 69, 1, DATEADD(DAY, -20, GETDATE())),
(28, 70, 1, DATEADD(DAY, -3, GETDATE())),
(28, 71, 0, NULL),
(28, 72, 1, DATEADD(DAY, -37, GETDATE())),
(28, 73, 1, DATEADD(DAY, -26, GETDATE())),
(28, 74, 0, NULL),
(28, 25, 1, DATEADD(DAY, -9, GETDATE())),
(28, 26, 0, NULL),
(28, 27, 0, NULL),
(28, 28, 0, NULL),
(28, 29, 1, DATEADD(DAY, -28, GETDATE())),
(28, 30, 1, DATEADD(DAY, -31, GETDATE())),
(28, 31, 0, NULL),
(28, 32, 1, DATEADD(DAY, -28, GETDATE())),
(28, 33, 1, DATEADD(DAY, -33, GETDATE())),
(28, 34, 0, NULL),
(28, 35, 1, DATEADD(DAY, -3, GETDATE())),
(28, 36, 0, NULL),
(28, 37, 1, DATEADD(DAY, -31, GETDATE())),
(28, 38, 1, DATEADD(DAY, -23, GETDATE())),
(28, 39, 1, DATEADD(DAY, -36, GETDATE())),
(28, 40, 1, DATEADD(DAY, -2, GETDATE())),
(28, 41, 1, DATEADD(DAY, -46, GETDATE())),
(28, 42, 1, DATEADD(DAY, -8, GETDATE())),
(28, 43, 1, DATEADD(DAY, -27, GETDATE())),
(28, 44, 0, NULL),
(28, 45, 0, NULL),
(28, 46, 0, NULL),
(28, 47, 0, NULL),
(28, 48, 0, NULL),
(28, 49, 0, NULL),
(28, 50, 1, DATEADD(DAY, -38, GETDATE())),
(28, 51, 1, DATEADD(DAY, -41, GETDATE())),
(28, 52, 0, NULL),
(28, 53, 1, DATEADD(DAY, -9, GETDATE())),
(28, 54, 0, NULL),
(28, 1, 0, NULL),
(28, 2, 0, NULL),
(28, 3, 1, DATEADD(DAY, -41, GETDATE())),
(28, 4, 0, NULL),
(28, 5, 1, DATEADD(DAY, -4, GETDATE())),
(28, 6, 1, DATEADD(DAY, -32, GETDATE())),
(28, 7, 1, DATEADD(DAY, -16, GETDATE())),
(28, 8, 0, NULL),
(28, 9, 1, DATEADD(DAY, -44, GETDATE())),
(28, 10, 1, DATEADD(DAY, -1, GETDATE())),
(28, 11, 1, DATEADD(DAY, -37, GETDATE())),
(28, 12, 1, DATEADD(DAY, -45, GETDATE())),
(28, 13, 0, NULL),
(28, 14, 1, DATEADD(DAY, -35, GETDATE())),
(28, 15, 1, DATEADD(DAY, -9, GETDATE())),
(28, 16, 1, DATEADD(DAY, -13, GETDATE())),
(28, 17, 1, DATEADD(DAY, -12, GETDATE())),
(28, 18, 1, DATEADD(DAY, -4, GETDATE())),
(28, 19, 1, DATEADD(DAY, -10, GETDATE())),
(28, 20, 0, NULL),
(28, 21, 1, DATEADD(DAY, -46, GETDATE())),
(28, 22, 0, NULL),
(28, 23, 1, DATEADD(DAY, -5, GETDATE())),
(28, 24, 1, DATEADD(DAY, -1, GETDATE())),
(29, 25, 0, NULL),
(29, 26, 0, NULL),
(29, 27, 0, NULL),
(29, 28, 1, DATEADD(DAY, -40, GETDATE())),
(29, 29, 0, NULL),
(29, 30, 0, NULL),
(29, 31, 1, DATEADD(DAY, -35, GETDATE())),
(29, 32, 0, NULL),
(29, 33, 0, NULL),
(29, 34, 0, NULL),
(29, 35, 0, NULL),
(29, 36, 1, DATEADD(DAY, -49, GETDATE())),
(29, 37, 1, DATEADD(DAY, -24, GETDATE())),
(29, 38, 0, NULL),
(29, 39, 0, NULL),
(29, 40, 0, NULL),
(29, 41, 0, NULL),
(29, 42, 0, NULL),
(29, 43, 0, NULL),
(29, 44, 0, NULL),
(29, 45, 0, NULL),
(29, 46, 0, NULL),
(29, 47, 0, NULL),
(29, 48, 0, NULL),
(29, 49, 0, NULL),
(29, 50, 0, NULL),
(29, 51, 0, NULL),
(29, 52, 0, NULL),
(29, 53, 0, NULL),
(29, 54, 0, NULL),
(29, 55, 1, DATEADD(DAY, -43, GETDATE())),
(29, 56, 1, DATEADD(DAY, -43, GETDATE())),
(29, 57, 1, DATEADD(DAY, -24, GETDATE())),
(29, 58, 1, DATEADD(DAY, -26, GETDATE())),
(29, 59, 1, DATEADD(DAY, -10, GETDATE())),
(29, 60, 1, DATEADD(DAY, -39, GETDATE())),
(29, 61, 1, DATEADD(DAY, -23, GETDATE())),
(29, 62, 1, DATEADD(DAY, -1, GETDATE())),
(29, 63, 1, DATEADD(DAY, -38, GETDATE())),
(29, 64, 1, DATEADD(DAY, -41, GETDATE())),
(29, 65, 1, DATEADD(DAY, -42, GETDATE())),
(29, 66, 1, DATEADD(DAY, -18, GETDATE())),
(29, 67, 1, DATEADD(DAY, -26, GETDATE())),
(29, 68, 1, DATEADD(DAY, -38, GETDATE())),
(29, 69, 1, DATEADD(DAY, -40, GETDATE())),
(29, 70, 1, DATEADD(DAY, -24, GETDATE())),
(29, 71, 1, DATEADD(DAY, -21, GETDATE())),
(29, 72, 1, DATEADD(DAY, -11, GETDATE())),
(29, 73, 1, DATEADD(DAY, -9, GETDATE())),
(29, 74, 1, DATEADD(DAY, -22, GETDATE())),
(30, 25, 0, NULL),
(30, 26, 0, NULL),
(30, 27, 0, NULL),
(30, 28, 0, NULL),
(30, 29, 0, NULL),
(30, 30, 0, NULL),
(30, 31, 0, NULL),
(30, 32, 0, NULL),
(30, 33, 0, NULL),
(30, 34, 0, NULL),
(30, 35, 0, NULL),
(30, 36, 0, NULL),
(30, 37, 0, NULL),
(30, 38, 0, NULL),
(30, 39, 0, NULL),
(30, 40, 0, NULL),
(30, 41, 0, NULL),
(30, 42, 0, NULL),
(30, 43, 0, NULL),
(30, 44, 0, NULL),
(30, 45, 0, NULL),
(30, 46, 0, NULL),
(30, 47, 0, NULL),
(30, 48, 0, NULL),
(30, 49, 0, NULL),
(30, 50, 0, NULL),
(30, 51, 0, NULL),
(30, 52, 0, NULL),
(30, 53, 0, NULL),
(30, 54, 0, NULL),
(31, 55, 1, DATEADD(DAY, -38, GETDATE())),
(31, 56, 1, DATEADD(DAY, -42, GETDATE())),
(31, 57, 1, DATEADD(DAY, -36, GETDATE())),
(31, 58, 1, DATEADD(DAY, -25, GETDATE())),
(31, 59, 1, DATEADD(DAY, -6, GETDATE())),
(31, 60, 1, DATEADD(DAY, -20, GETDATE())),
(31, 61, 1, DATEADD(DAY, -21, GETDATE())),
(31, 62, 1, DATEADD(DAY, -28, GETDATE())),
(31, 63, 1, DATEADD(DAY, -4, GETDATE())),
(31, 64, 1, DATEADD(DAY, -34, GETDATE())),
(31, 65, 1, DATEADD(DAY, -31, GETDATE())),
(31, 66, 1, DATEADD(DAY, -42, GETDATE())),
(31, 67, 1, DATEADD(DAY, -49, GETDATE())),
(31, 68, 1, DATEADD(DAY, -47, GETDATE())),
(31, 69, 1, DATEADD(DAY, -8, GETDATE())),
(31, 70, 1, DATEADD(DAY, -13, GETDATE())),
(31, 71, 1, DATEADD(DAY, -38, GETDATE())),
(31, 72, 1, DATEADD(DAY, -15, GETDATE())),
(31, 73, 1, DATEADD(DAY, -33, GETDATE())),
(31, 74, 1, DATEADD(DAY, -19, GETDATE())),
(31, 25, 0, NULL),
(31, 26, 1, DATEADD(DAY, -5, GETDATE())),
(31, 27, 0, NULL),
(31, 28, 1, DATEADD(DAY, -3, GETDATE())),
(31, 29, 0, NULL),
(31, 30, 1, DATEADD(DAY, -2, GETDATE())),
(31, 31, 0, NULL),
(31, 32, 0, NULL),
(31, 33, 0, NULL),
(31, 34, 0, NULL),
(31, 35, 1, DATEADD(DAY, -37, GETDATE())),
(31, 36, 0, NULL),
(31, 37, 0, NULL),
(31, 38, 0, NULL),
(31, 39, 1, DATEADD(DAY, -19, GETDATE())),
(31, 40, 1, DATEADD(DAY, -44, GETDATE())),
(31, 41, 1, DATEADD(DAY, -6, GETDATE())),
(31, 42, 1, DATEADD(DAY, -25, GETDATE())),
(31, 43, 1, DATEADD(DAY, -46, GETDATE())),
(31, 44, 1, DATEADD(DAY, -40, GETDATE())),
(31, 45, 1, DATEADD(DAY, -38, GETDATE())),
(31, 46, 1, DATEADD(DAY, -33, GETDATE())),
(31, 47, 0, NULL),
(31, 48, 0, NULL),
(31, 49, 0, NULL),
(31, 50, 0, NULL),
(31, 51, 1, DATEADD(DAY, -7, GETDATE())),
(31, 52, 0, NULL),
(31, 53, 0, NULL),
(31, 54, 0, NULL),
(32, 55, 0, NULL),
(32, 56, 0, NULL),
(32, 57, 0, NULL),
(32, 58, 0, NULL),
(32, 59, 0, NULL),
(32, 60, 0, NULL),
(32, 61, 0, NULL),
(32, 62, 0, NULL),
(32, 63, 0, NULL),
(32, 64, 0, NULL),
(32, 65, 0, NULL),
(32, 66, 0, NULL),
(32, 67, 0, NULL),
(32, 68, 0, NULL),
(32, 69, 0, NULL),
(32, 70, 0, NULL),
(32, 71, 0, NULL),
(32, 72, 0, NULL),
(32, 73, 0, NULL),
(32, 74, 0, NULL),
(33, 25, 1, DATEADD(DAY, -39, GETDATE())),
(33, 26, 0, NULL),
(33, 27, 1, DATEADD(DAY, -40, GETDATE())),
(33, 28, 1, DATEADD(DAY, -44, GETDATE())),
(33, 29, 1, DATEADD(DAY, -41, GETDATE())),
(33, 30, 1, DATEADD(DAY, -11, GETDATE())),
(33, 31, 1, DATEADD(DAY, -14, GETDATE())),
(33, 32, 1, DATEADD(DAY, -14, GETDATE())),
(33, 33, 0, NULL),
(33, 34, 0, NULL),
(33, 35, 0, NULL),
(33, 36, 1, DATEADD(DAY, -48, GETDATE())),
(33, 37, 0, NULL),
(33, 38, 0, NULL),
(33, 39, 0, NULL),
(33, 40, 1, DATEADD(DAY, -44, GETDATE())),
(33, 41, 0, NULL),
(33, 42, 0, NULL),
(33, 43, 0, NULL),
(33, 44, 0, NULL),
(33, 45, 0, NULL),
(33, 46, 1, DATEADD(DAY, -50, GETDATE())),
(33, 47, 1, DATEADD(DAY, -13, GETDATE())),
(33, 48, 0, NULL),
(33, 49, 1, DATEADD(DAY, -44, GETDATE())),
(33, 50, 0, NULL),
(33, 51, 0, NULL),
(33, 52, 0, NULL),
(33, 53, 0, NULL),
(33, 54, 0, NULL),
(33, 55, 0, NULL),
(33, 56, 0, NULL);
GO

-- Batch 4/4
INSERT INTO LessonProgress (StudentID, LessonID, IsCompleted, CompletedDate)
VALUES
(33, 57, 0, NULL),
(33, 58, 1, DATEADD(DAY, -16, GETDATE())),
(33, 59, 1, DATEADD(DAY, -37, GETDATE())),
(33, 60, 0, NULL),
(33, 61, 0, NULL),
(33, 62, 0, NULL),
(33, 63, 0, NULL),
(33, 64, 0, NULL),
(33, 65, 0, NULL),
(33, 66, 0, NULL),
(33, 67, 0, NULL),
(33, 68, 1, DATEADD(DAY, -6, GETDATE())),
(33, 69, 0, NULL),
(33, 70, 0, NULL),
(33, 71, 0, NULL),
(33, 72, 1, DATEADD(DAY, -7, GETDATE())),
(33, 73, 1, DATEADD(DAY, -17, GETDATE())),
(33, 74, 1, DATEADD(DAY, -36, GETDATE()));
GO

PRINT '✅ Đã insert 1518 LessonProgress records';
GO

-- ============================================
-- 9. TẠO BÀI TẬP (ASSIGNMENTS)
-- Tất cả MaxScore = 10
-- ============================================
PRINT 'Đang insert Assignments...';
GO

INSERT INTO Assignments (CourseID, Title, Description, AssignedDate, DueDate, MaxScore, AttachmentPath)
VALUES
(1, N'Bài tập 1 - Khóa 1', N'Mô tả bài tập 1 cho khóa học 1', DATEADD(DAY, -45, GETDATE()), DATEADD(DAY, -38, GETDATE()), 10.00, NULL),
(1, N'Bài tập 2 - Khóa 1', N'Mô tả bài tập 2 cho khóa học 1', DATEADD(DAY, -40, GETDATE()), DATEADD(DAY, -33, GETDATE()), 10.00, NULL),
(1, N'Bài tập 3 - Khóa 1', N'Mô tả bài tập 3 cho khóa học 1', DATEADD(DAY, -35, GETDATE()), DATEADD(DAY, -28, GETDATE()), 10.00, NULL),
(1, N'Bài tập 4 - Khóa 1', N'Mô tả bài tập 4 cho khóa học 1', DATEADD(DAY, -30, GETDATE()), DATEADD(DAY, -23, GETDATE()), 10.00, NULL),
(1, N'Bài tập 5 - Khóa 1', N'Mô tả bài tập 5 cho khóa học 1', DATEADD(DAY, -25, GETDATE()), DATEADD(DAY, -18, GETDATE()), 10.00, NULL),
(2, N'Bài tập 1 - Khóa 2', N'Mô tả bài tập 1 cho khóa học 2', DATEADD(DAY, -45, GETDATE()), DATEADD(DAY, -38, GETDATE()), 10.00, NULL),
(2, N'Bài tập 2 - Khóa 2', N'Mô tả bài tập 2 cho khóa học 2', DATEADD(DAY, -40, GETDATE()), DATEADD(DAY, -33, GETDATE()), 10.00, NULL),
(2, N'Bài tập 3 - Khóa 2', N'Mô tả bài tập 3 cho khóa học 2', DATEADD(DAY, -35, GETDATE()), DATEADD(DAY, -28, GETDATE()), 10.00, NULL),
(2, N'Bài tập 4 - Khóa 2', N'Mô tả bài tập 4 cho khóa học 2', DATEADD(DAY, -30, GETDATE()), DATEADD(DAY, -23, GETDATE()), 10.00, NULL),
(3, N'Bài tập 1 - Khóa 3', N'Mô tả bài tập 1 cho khóa học 3', DATEADD(DAY, -45, GETDATE()), DATEADD(DAY, -38, GETDATE()), 10.00, NULL),
(3, N'Bài tập 2 - Khóa 3', N'Mô tả bài tập 2 cho khóa học 3', DATEADD(DAY, -40, GETDATE()), DATEADD(DAY, -33, GETDATE()), 10.00, NULL),
(3, N'Bài tập 3 - Khóa 3', N'Mô tả bài tập 3 cho khóa học 3', DATEADD(DAY, -35, GETDATE()), DATEADD(DAY, -28, GETDATE()), 10.00, NULL);
GO

PRINT '✅ Đã insert 12 Assignments (MaxScore = 10)';
GO

-- ============================================
-- 10. TẠO BÀI NỘP (SUBMISSIONS)
-- Điểm số trên thang 10
-- ============================================
PRINT 'Đang insert Submissions...';
GO

INSERT INTO Submissions (AssignmentID, StudentID, SubmissionDate, FileUrl, StudentNote, Score, TeacherFeedback, Status)
VALUES
(1, 4, DATEADD(DAY, -30, GETDATE()), 'C:/Submissions/assignment_1_student_4.zip', N'Em đã hoàn thành bài tập', 7.06, N'Bài làm tốt. Cần chú ý thêm về phần...', N'Đã chấm'),
(2, 4, DATEADD(DAY, -13, GETDATE()), 'C:/Submissions/assignment_2_student_4.zip', N'Em đã hoàn thành bài tập', 8.44, N'Bài làm tốt. Cần chú ý thêm về phần...', N'Đã chấm'),
(3, 4, DATEADD(DAY, -4, GETDATE()), 'C:/Submissions/assignment_3_student_4.zip', N'Em đã hoàn thành bài tập', 8.92, N'Bài làm tốt. Cần chú ý thêm về phần...', N'Đã chấm'),
(4, 4, DATEADD(DAY, -17, GETDATE()), 'C:/Submissions/assignment_4_student_4.zip', N'Em đã hoàn thành bài tập', 8.82, N'Bài làm tốt. Cần chú ý thêm về phần...', N'Đã chấm'),
(10, 4, DATEADD(DAY, -38, GETDATE()), 'C:/Submissions/assignment_10_student_4.zip', N'Em đã hoàn thành bài tập', 8.62, N'Bài làm tốt. Cần chú ý thêm về phần...', N'Đã chấm'),
(12, 4, DATEADD(DAY, -15, GETDATE()), 'C:/Submissions/assignment_12_student_4.zip', N'Em đã hoàn thành bài tập', 8.99, N'Bài làm tốt. Cần chú ý thêm về phần...', N'Đã chấm'),
(7, 5, DATEADD(DAY, -23, GETDATE()), 'C:/Submissions/assignment_7_student_5.zip', N'Em đã hoàn thành bài tập', 8.22, N'Bài làm tốt. Cần chú ý thêm về phần...', N'Đã chấm'),
(8, 5, DATEADD(DAY, -31, GETDATE()), 'C:/Submissions/assignment_8_student_5.zip', N'Em đã hoàn thành bài tập', NULL, NULL, N'Chưa chấm'),
(9, 5, DATEADD(DAY, -39, GETDATE()), 'C:/Submissions/assignment_9_student_5.zip', N'Em đã hoàn thành bài tập', 8.05, N'Bài làm tốt. Cần chú ý thêm về phần...', N'Đã chấm'),
(1, 5, DATEADD(DAY, -41, GETDATE()), 'C:/Submissions/assignment_1_student_5.zip', N'Em đã hoàn thành bài tập', 8.9, N'Bài làm tốt. Cần chú ý thêm về phần...', N'Đã chấm'),
(2, 5, DATEADD(DAY, -35, GETDATE()), 'C:/Submissions/assignment_2_student_5.zip', N'Em đã hoàn thành bài tập', 6.66, N'Bài làm tốt. Cần chú ý thêm về phần...', N'Đã chấm'),
(3, 5, DATEADD(DAY, -17, GETDATE()), 'C:/Submissions/assignment_3_student_5.zip', N'Em đã hoàn thành bài tập', 8.11, N'Bài làm tốt. Cần chú ý thêm về phần...', N'Đã chấm'),
(4, 5, DATEADD(DAY, -35, GETDATE()), 'C:/Submissions/assignment_4_student_5.zip', N'Em đã hoàn thành bài tập', 6.34, N'Bài làm tốt. Cần chú ý thêm về phần...', N'Đã chấm'),
(5, 5, DATEADD(DAY, -36, GETDATE()), 'C:/Submissions/assignment_5_student_5.zip', N'Em đã hoàn thành bài tập', 9.69, N'Bài làm tốt. Cần chú ý thêm về phần...', N'Đã chấm'),
(10, 5, DATEADD(DAY, -39, GETDATE()), 'C:/Submissions/assignment_10_student_5.zip', N'Em đã hoàn thành bài tập', NULL, NULL, N'Chưa chấm'),
(11, 5, DATEADD(DAY, -27, GETDATE()), 'C:/Submissions/assignment_11_student_5.zip', N'Em đã hoàn thành bài tập', 5.68, N'Bài làm tốt. Cần chú ý thêm về phần...', N'Đã chấm'),
(12, 5, DATEADD(DAY, -29, GETDATE()), 'C:/Submissions/assignment_12_student_5.zip', N'Em đã hoàn thành bài tập', 5.2, N'Bài làm tốt. Cần chú ý thêm về phần...', N'Đã chấm'),
(10, 6, DATEADD(DAY, -21, GETDATE()), 'C:/Submissions/assignment_10_student_6.zip', N'Em đã hoàn thành bài tập', 6.39, N'Bài làm tốt. Cần chú ý thêm về phần...', N'Đã chấm'),
(11, 6, DATEADD(DAY, -19, GETDATE()), 'C:/Submissions/assignment_11_student_6.zip', N'Em đã hoàn thành bài tập', 7.48, N'Bài làm tốt. Cần chú ý thêm về phần...', N'Đã chấm'),
(12, 6, DATEADD(DAY, -36, GETDATE()), 'C:/Submissions/assignment_12_student_6.zip', N'Em đã hoàn thành bài tập', 7.66, N'Bài làm tốt. Cần chú ý thêm về phần...', N'Đã chấm'),
(1, 6, DATEADD(DAY, -31, GETDATE()), 'C:/Submissions/assignment_1_student_6.zip', N'Em đã hoàn thành bài tập', NULL, NULL, N'Chưa chấm'),
(2, 6, DATEADD(DAY, -26, GETDATE()), 'C:/Submissions/assignment_2_student_6.zip', N'Em đã hoàn thành bài tập', 7.83, N'Bài làm tốt. Cần chú ý thêm về phần...', N'Đã chấm'),
(3, 6, DATEADD(DAY, -4, GETDATE()), 'C:/Submissions/assignment_3_student_6.zip', N'Em đã hoàn thành bài tập', 9.77, N'Bài làm tốt. Cần chú ý thêm về phần...', N'Đã chấm'),
(5, 6, DATEADD(DAY, -24, GETDATE()), 'C:/Submissions/assignment_5_student_6.zip', N'Em đã hoàn thành bài tập', 7.36, N'Bài làm tốt. Cần chú ý thêm về phần...', N'Đã chấm'),
(7, 6, DATEADD(DAY, -8, GETDATE()), 'C:/Submissions/assignment_7_student_6.zip', N'Em đã hoàn thành bài tập', 7.11, N'Bài làm tốt. Cần chú ý thêm về phần...', N'Đã chấm'),
(8, 6, DATEADD(DAY, -37, GETDATE()), 'C:/Submissions/assignment_8_student_6.zip', N'Em đã hoàn thành bài tập', 7.76, N'Bài làm tốt. Cần chú ý thêm về phần...', N'Đã chấm'),
(7, 7, DATEADD(DAY, -21, GETDATE()), 'C:/Submissions/assignment_7_student_7.zip', N'Em đã hoàn thành bài tập', 5.98, N'Bài làm tốt. Cần chú ý thêm về phần...', N'Đã chấm'),
(4, 8, DATEADD(DAY, -12, GETDATE()), 'C:/Submissions/assignment_4_student_8.zip', N'Em đã hoàn thành bài tập', 8.55, N'Bài làm tốt. Cần chú ý thêm về phần...', N'Đã chấm'),
(5, 8, DATEADD(DAY, -19, GETDATE()), 'C:/Submissions/assignment_5_student_8.zip', N'Em đã hoàn thành bài tập', NULL, NULL, N'Chưa chấm'),
(6, 8, DATEADD(DAY, -38, GETDATE()), 'C:/Submissions/assignment_6_student_8.zip', N'Em đã hoàn thành bài tập', 9.96, N'Bài làm tốt. Cần chú ý thêm về phần...', N'Đã chấm'),
(7, 8, DATEADD(DAY, -13, GETDATE()), 'C:/Submissions/assignment_7_student_8.zip', N'Em đã hoàn thành bài tập', 7.44, N'Bài làm tốt. Cần chú ý thêm về phần...', N'Đã chấm'),
(8, 8, DATEADD(DAY, -10, GETDATE()), 'C:/Submissions/assignment_8_student_8.zip', N'Em đã hoàn thành bài tập', 8.08, N'Bài làm tốt. Cần chú ý thêm về phần...', N'Đã chấm'),
(9, 8, DATEADD(DAY, -12, GETDATE()), 'C:/Submissions/assignment_9_student_8.zip', N'Em đã hoàn thành bài tập', 8.42, N'Bài làm tốt. Cần chú ý thêm về phần...', N'Đã chấm'),
(10, 8, DATEADD(DAY, -30, GETDATE()), 'C:/Submissions/assignment_10_student_8.zip', N'Em đã hoàn thành bài tập', 9.88, N'Bài làm tốt. Cần chú ý thêm về phần...', N'Đã chấm'),
(6, 9, DATEADD(DAY, -22, GETDATE()), 'C:/Submissions/assignment_6_student_9.zip', N'Em đã hoàn thành bài tập', 9.3, N'Bài làm tốt. Cần chú ý thêm về phần...', N'Đã chấm'),
(8, 9, DATEADD(DAY, -17, GETDATE()), 'C:/Submissions/assignment_8_student_9.zip', N'Em đã hoàn thành bài tập', 6.96, N'Bài làm tốt. Cần chú ý thêm về phần...', N'Đã chấm'),
(9, 9, DATEADD(DAY, -3, GETDATE()), 'C:/Submissions/assignment_9_student_9.zip', N'Em đã hoàn thành bài tập', 9.11, N'Bài làm tốt. Cần chú ý thêm về phần...', N'Đã chấm'),
(10, 9, DATEADD(DAY, -2, GETDATE()), 'C:/Submissions/assignment_10_student_9.zip', N'Em đã hoàn thành bài tập', 8.83, N'Bài làm tốt. Cần chú ý thêm về phần...', N'Đã chấm'),
(12, 9, DATEADD(DAY, -35, GETDATE()), 'C:/Submissions/assignment_12_student_9.zip', N'Em đã hoàn thành bài tập', 7.58, N'Bài làm tốt. Cần chú ý thêm về phần...', N'Đã chấm'),
(1, 10, DATEADD(DAY, -5, GETDATE()), 'C:/Submissions/assignment_1_student_10.zip', N'Em đã hoàn thành bài tập', 9.93, N'Bài làm tốt. Cần chú ý thêm về phần...', N'Đã chấm'),
(2, 10, DATEADD(DAY, -17, GETDATE()), 'C:/Submissions/assignment_2_student_10.zip', N'Em đã hoàn thành bài tập', 9.34, N'Bài làm tốt. Cần chú ý thêm về phần...', N'Đã chấm'),
(3, 10, DATEADD(DAY, -12, GETDATE()), 'C:/Submissions/assignment_3_student_10.zip', N'Em đã hoàn thành bài tập', NULL, NULL, N'Chưa chấm'),
(4, 10, DATEADD(DAY, -20, GETDATE()), 'C:/Submissions/assignment_4_student_10.zip', N'Em đã hoàn thành bài tập', 8.37, N'Bài làm tốt. Cần chú ý thêm về phần...', N'Đã chấm'),
(5, 10, DATEADD(DAY, -6, GETDATE()), 'C:/Submissions/assignment_5_student_10.zip', N'Em đã hoàn thành bài tập', NULL, NULL, N'Nộp trễ'),
(6, 10, DATEADD(DAY, -36, GETDATE()), 'C:/Submissions/assignment_6_student_10.zip', N'Em đã hoàn thành bài tập', 8.7, N'Bài làm tốt. Cần chú ý thêm về phần...', N'Đã chấm'),
(7, 10, DATEADD(DAY, -7, GETDATE()), 'C:/Submissions/assignment_7_student_10.zip', N'Em đã hoàn thành bài tập', NULL, NULL, N'Nộp trễ'),
(9, 10, DATEADD(DAY, -16, GETDATE()), 'C:/Submissions/assignment_9_student_10.zip', N'Em đã hoàn thành bài tập', 8.69, N'Bài làm tốt. Cần chú ý thêm về phần...', N'Đã chấm'),
(10, 10, DATEADD(DAY, -16, GETDATE()), 'C:/Submissions/assignment_10_student_10.zip', N'Em đã hoàn thành bài tập', NULL, NULL, N'Chưa chấm'),
(1, 11, DATEADD(DAY, -25, GETDATE()), 'C:/Submissions/assignment_1_student_11.zip', N'Em đã hoàn thành bài tập', 5.57, N'Bài làm tốt. Cần chú ý thêm về phần...', N'Đã chấm'),
(2, 11, DATEADD(DAY, -23, GETDATE()), 'C:/Submissions/assignment_2_student_11.zip', N'Em đã hoàn thành bài tập', 6.04, N'Bài làm tốt. Cần chú ý thêm về phần...', N'Đã chấm'),
(5, 11, DATEADD(DAY, -2, GETDATE()), 'C:/Submissions/assignment_5_student_11.zip', N'Em đã hoàn thành bài tập', 7.19, N'Bài làm tốt. Cần chú ý thêm về phần...', N'Đã chấm'),
(6, 11, DATEADD(DAY, -10, GETDATE()), 'C:/Submissions/assignment_6_student_11.zip', N'Em đã hoàn thành bài tập', 9.63, N'Bài làm tốt. Cần chú ý thêm về phần...', N'Đã chấm'),
(7, 11, DATEADD(DAY, -39, GETDATE()), 'C:/Submissions/assignment_7_student_11.zip', N'Em đã hoàn thành bài tập', 5.7, N'Bài làm tốt. Cần chú ý thêm về phần...', N'Đã chấm'),
(9, 11, DATEADD(DAY, -2, GETDATE()), 'C:/Submissions/assignment_9_student_11.zip', N'Em đã hoàn thành bài tập', 10.0, N'Bài làm tốt. Cần chú ý thêm về phần...', N'Đã chấm'),
(2, 12, DATEADD(DAY, -13, GETDATE()), 'C:/Submissions/assignment_2_student_12.zip', N'Em đã hoàn thành bài tập', NULL, NULL, N'Chưa chấm'),
(3, 12, DATEADD(DAY, -33, GETDATE()), 'C:/Submissions/assignment_3_student_12.zip', N'Em đã hoàn thành bài tập', 5.24, N'Bài làm tốt. Cần chú ý thêm về phần...', N'Đã chấm'),
(5, 12, DATEADD(DAY, -15, GETDATE()), 'C:/Submissions/assignment_5_student_12.zip', N'Em đã hoàn thành bài tập', 9.75, N'Bài làm tốt. Cần chú ý thêm về phần...', N'Đã chấm'),
(10, 13, DATEADD(DAY, -8, GETDATE()), 'C:/Submissions/assignment_10_student_13.zip', N'Em đã hoàn thành bài tập', 7.85, N'Bài làm tốt. Cần chú ý thêm về phần...', N'Đã chấm'),
(11, 13, DATEADD(DAY, -12, GETDATE()), 'C:/Submissions/assignment_11_student_13.zip', N'Em đã hoàn thành bài tập', 5.2, N'Bài làm tốt. Cần chú ý thêm về phần...', N'Đã chấm'),
(1, 13, DATEADD(DAY, -5, GETDATE()), 'C:/Submissions/assignment_1_student_13.zip', N'Em đã hoàn thành bài tập', 6.0, N'Bài làm tốt. Cần chú ý thêm về phần...', N'Đã chấm'),
(2, 13, DATEADD(DAY, -32, GETDATE()), 'C:/Submissions/assignment_2_student_13.zip', N'Em đã hoàn thành bài tập', 6.66, N'Bài làm tốt. Cần chú ý thêm về phần...', N'Đã chấm'),
(3, 13, DATEADD(DAY, -22, GETDATE()), 'C:/Submissions/assignment_3_student_13.zip', N'Em đã hoàn thành bài tập', 8.98, N'Bài làm tốt. Cần chú ý thêm về phần...', N'Đã chấm'),
(4, 13, DATEADD(DAY, -10, GETDATE()), 'C:/Submissions/assignment_4_student_13.zip', N'Em đã hoàn thành bài tập', NULL, NULL, N'Chưa chấm'),
(6, 14, DATEADD(DAY, -20, GETDATE()), 'C:/Submissions/assignment_6_student_14.zip', N'Em đã hoàn thành bài tập', 6.25, N'Bài làm tốt. Cần chú ý thêm về phần...', N'Đã chấm'),
(8, 14, DATEADD(DAY, -2, GETDATE()), 'C:/Submissions/assignment_8_student_14.zip', N'Em đã hoàn thành bài tập', NULL, NULL, N'Chưa chấm'),
(9, 14, DATEADD(DAY, -24, GETDATE()), 'C:/Submissions/assignment_9_student_14.zip', N'Em đã hoàn thành bài tập', NULL, NULL, N'Nộp trễ'),
(3, 14, DATEADD(DAY, -14, GETDATE()), 'C:/Submissions/assignment_3_student_14.zip', N'Em đã hoàn thành bài tập', NULL, NULL, N'Chưa chấm'),
(4, 14, DATEADD(DAY, -25, GETDATE()), 'C:/Submissions/assignment_4_student_14.zip', N'Em đã hoàn thành bài tập', 7.52, N'Bài làm tốt. Cần chú ý thêm về phần...', N'Đã chấm'),
(10, 14, DATEADD(DAY, -14, GETDATE()), 'C:/Submissions/assignment_10_student_14.zip', N'Em đã hoàn thành bài tập', NULL, NULL, N'Chưa chấm'),
(12, 14, DATEADD(DAY, -22, GETDATE()), 'C:/Submissions/assignment_12_student_14.zip', N'Em đã hoàn thành bài tập', 7.13, N'Bài làm tốt. Cần chú ý thêm về phần...', N'Đã chấm'),
(6, 15, DATEADD(DAY, -30, GETDATE()), 'C:/Submissions/assignment_6_student_15.zip', N'Em đã hoàn thành bài tập', 9.3, N'Bài làm tốt. Cần chú ý thêm về phần...', N'Đã chấm'),
(9, 15, DATEADD(DAY, -19, GETDATE()), 'C:/Submissions/assignment_9_student_15.zip', N'Em đã hoàn thành bài tập', NULL, NULL, N'Chưa chấm'),
(12, 16, DATEADD(DAY, -10, GETDATE()), 'C:/Submissions/assignment_12_student_16.zip', N'Em đã hoàn thành bài tập', 6.75, N'Bài làm tốt. Cần chú ý thêm về phần...', N'Đã chấm'),
(6, 16, DATEADD(DAY, -12, GETDATE()), 'C:/Submissions/assignment_6_student_16.zip', N'Em đã hoàn thành bài tập', NULL, NULL, N'Chưa chấm'),
(7, 16, DATEADD(DAY, -28, GETDATE()), 'C:/Submissions/assignment_7_student_16.zip', N'Em đã hoàn thành bài tập', NULL, NULL, N'Nộp trễ'),
(8, 16, DATEADD(DAY, -6, GETDATE()), 'C:/Submissions/assignment_8_student_16.zip', N'Em đã hoàn thành bài tập', NULL, NULL, N'Chưa chấm'),
(9, 16, DATEADD(DAY, -6, GETDATE()), 'C:/Submissions/assignment_9_student_16.zip', N'Em đã hoàn thành bài tập', 6.41, N'Bài làm tốt. Cần chú ý thêm về phần...', N'Đã chấm'),
(3, 16, DATEADD(DAY, -24, GETDATE()), 'C:/Submissions/assignment_3_student_16.zip', N'Em đã hoàn thành bài tập', 6.71, N'Bài làm tốt. Cần chú ý thêm về phần...', N'Đã chấm'),
(4, 16, DATEADD(DAY, -36, GETDATE()), 'C:/Submissions/assignment_4_student_16.zip', N'Em đã hoàn thành bài tập', 5.9, N'Bài làm tốt. Cần chú ý thêm về phần...', N'Đã chấm'),
(5, 16, DATEADD(DAY, -19, GETDATE()), 'C:/Submissions/assignment_5_student_16.zip', N'Em đã hoàn thành bài tập', 5.01, N'Bài làm tốt. Cần chú ý thêm về phần...', N'Đã chấm'),
(6, 17, DATEADD(DAY, -37, GETDATE()), 'C:/Submissions/assignment_6_student_17.zip', N'Em đã hoàn thành bài tập', 5.71, N'Bài làm tốt. Cần chú ý thêm về phần...', N'Đã chấm'),
(7, 17, DATEADD(DAY, -4, GETDATE()), 'C:/Submissions/assignment_7_student_17.zip', N'Em đã hoàn thành bài tập', 5.42, N'Bài làm tốt. Cần chú ý thêm về phần...', N'Đã chấm'),
(9, 17, DATEADD(DAY, -37, GETDATE()), 'C:/Submissions/assignment_9_student_17.zip', N'Em đã hoàn thành bài tập', 9.09, N'Bài làm tốt. Cần chú ý thêm về phần...', N'Đã chấm'),
(10, 17, DATEADD(DAY, -5, GETDATE()), 'C:/Submissions/assignment_10_student_17.zip', N'Em đã hoàn thành bài tập', 6.86, N'Bài làm tốt. Cần chú ý thêm về phần...', N'Đã chấm'),
(11, 17, DATEADD(DAY, -41, GETDATE()), 'C:/Submissions/assignment_11_student_17.zip', N'Em đã hoàn thành bài tập', 6.25, N'Bài làm tốt. Cần chú ý thêm về phần...', N'Đã chấm'),
(12, 17, DATEADD(DAY, -7, GETDATE()), 'C:/Submissions/assignment_12_student_17.zip', N'Em đã hoàn thành bài tập', 5.34, N'Bài làm tốt. Cần chú ý thêm về phần...', N'Đã chấm'),
(2, 17, DATEADD(DAY, -23, GETDATE()), 'C:/Submissions/assignment_2_student_17.zip', N'Em đã hoàn thành bài tập', 8.21, N'Bài làm tốt. Cần chú ý thêm về phần...', N'Đã chấm'),
(3, 17, DATEADD(DAY, -42, GETDATE()), 'C:/Submissions/assignment_3_student_17.zip', N'Em đã hoàn thành bài tập', 9.18, N'Bài làm tốt. Cần chú ý thêm về phần...', N'Đã chấm'),
(5, 17, DATEADD(DAY, -24, GETDATE()), 'C:/Submissions/assignment_5_student_17.zip', N'Em đã hoàn thành bài tập', 8.9, N'Bài làm tốt. Cần chú ý thêm về phần...', N'Đã chấm'),
(6, 18, DATEADD(DAY, -21, GETDATE()), 'C:/Submissions/assignment_6_student_18.zip', N'Em đã hoàn thành bài tập', 9.67, N'Bài làm tốt. Cần chú ý thêm về phần...', N'Đã chấm'),
(3, 18, DATEADD(DAY, -15, GETDATE()), 'C:/Submissions/assignment_3_student_18.zip', N'Em đã hoàn thành bài tập', NULL, NULL, N'Chưa chấm'),
(4, 18, DATEADD(DAY, -8, GETDATE()), 'C:/Submissions/assignment_4_student_18.zip', N'Em đã hoàn thành bài tập', 5.83, N'Bài làm tốt. Cần chú ý thêm về phần...', N'Đã chấm'),
(5, 18, DATEADD(DAY, -28, GETDATE()), 'C:/Submissions/assignment_5_student_18.zip', N'Em đã hoàn thành bài tập', 5.31, N'Bài làm tốt. Cần chú ý thêm về phần...', N'Đã chấm'),
(11, 19, DATEADD(DAY, -29, GETDATE()), 'C:/Submissions/assignment_11_student_19.zip', N'Em đã hoàn thành bài tập', 9.88, N'Bài làm tốt. Cần chú ý thêm về phần...', N'Đã chấm'),
(6, 20, DATEADD(DAY, -6, GETDATE()), 'C:/Submissions/assignment_6_student_20.zip', N'Em đã hoàn thành bài tập', 6.45, N'Bài làm tốt. Cần chú ý thêm về phần...', N'Đã chấm'),
(7, 20, DATEADD(DAY, -33, GETDATE()), 'C:/Submissions/assignment_7_student_20.zip', N'Em đã hoàn thành bài tập', 9.71, N'Bài làm tốt. Cần chú ý thêm về phần...', N'Đã chấm'),
(10, 20, DATEADD(DAY, -14, GETDATE()), 'C:/Submissions/assignment_10_student_20.zip', N'Em đã hoàn thành bài tập', 8.64, N'Bài làm tốt. Cần chú ý thêm về phần...', N'Đã chấm'),
(11, 20, DATEADD(DAY, -2, GETDATE()), 'C:/Submissions/assignment_11_student_20.zip', N'Em đã hoàn thành bài tập', 5.24, N'Bài làm tốt. Cần chú ý thêm về phần...', N'Đã chấm'),
(11, 21, DATEADD(DAY, -6, GETDATE()), 'C:/Submissions/assignment_11_student_21.zip', N'Em đã hoàn thành bài tập', NULL, NULL, N'Chưa chấm'),
(10, 23, DATEADD(DAY, -42, GETDATE()), 'C:/Submissions/assignment_10_student_23.zip', N'Em đã hoàn thành bài tập', 7.16, N'Bài làm tốt. Cần chú ý thêm về phần...', N'Đã chấm'),
(11, 23, DATEADD(DAY, -40, GETDATE()), 'C:/Submissions/assignment_11_student_23.zip', N'Em đã hoàn thành bài tập', 9.2, N'Bài làm tốt. Cần chú ý thêm về phần...', N'Đã chấm'),
(12, 23, DATEADD(DAY, -1, GETDATE()), 'C:/Submissions/assignment_12_student_23.zip', N'Em đã hoàn thành bài tập', NULL, NULL, N'Chưa chấm'),
(1, 23, DATEADD(DAY, -3, GETDATE()), 'C:/Submissions/assignment_1_student_23.zip', N'Em đã hoàn thành bài tập', 7.75, N'Bài làm tốt. Cần chú ý thêm về phần...', N'Đã chấm'),
(2, 23, DATEADD(DAY, -6, GETDATE()), 'C:/Submissions/assignment_2_student_23.zip', N'Em đã hoàn thành bài tập', 8.16, N'Bài làm tốt. Cần chú ý thêm về phần...', N'Đã chấm'),
(4, 23, DATEADD(DAY, -7, GETDATE()), 'C:/Submissions/assignment_4_student_23.zip', N'Em đã hoàn thành bài tập', NULL, NULL, N'Chưa chấm'),
(5, 23, DATEADD(DAY, -14, GETDATE()), 'C:/Submissions/assignment_5_student_23.zip', N'Em đã hoàn thành bài tập', 7.81, N'Bài làm tốt. Cần chú ý thêm về phần...', N'Đã chấm'),
(1, 24, DATEADD(DAY, -27, GETDATE()), 'C:/Submissions/assignment_1_student_24.zip', N'Em đã hoàn thành bài tập', 9.89, N'Bài làm tốt. Cần chú ý thêm về phần...', N'Đã chấm'),
(2, 24, DATEADD(DAY, -26, GETDATE()), 'C:/Submissions/assignment_2_student_24.zip', N'Em đã hoàn thành bài tập', NULL, NULL, N'Chưa chấm'),
(3, 24, DATEADD(DAY, -17, GETDATE()), 'C:/Submissions/assignment_3_student_24.zip', N'Em đã hoàn thành bài tập', 6.38, N'Bài làm tốt. Cần chú ý thêm về phần...', N'Đã chấm'),
(5, 24, DATEADD(DAY, -40, GETDATE()), 'C:/Submissions/assignment_5_student_24.zip', N'Em đã hoàn thành bài tập', 8.74, N'Bài làm tốt. Cần chú ý thêm về phần...', N'Đã chấm'),
(6, 24, DATEADD(DAY, -37, GETDATE()), 'C:/Submissions/assignment_6_student_24.zip', N'Em đã hoàn thành bài tập', 6.05, N'Bài làm tốt. Cần chú ý thêm về phần...', N'Đã chấm'),
(8, 24, DATEADD(DAY, -28, GETDATE()), 'C:/Submissions/assignment_8_student_24.zip', N'Em đã hoàn thành bài tập', 9.78, N'Bài làm tốt. Cần chú ý thêm về phần...', N'Đã chấm'),
(9, 24, DATEADD(DAY, -36, GETDATE()), 'C:/Submissions/assignment_9_student_24.zip', N'Em đã hoàn thành bài tập', NULL, NULL, N'Chưa chấm'),
(10, 24, DATEADD(DAY, -41, GETDATE()), 'C:/Submissions/assignment_10_student_24.zip', N'Em đã hoàn thành bài tập', 6.75, N'Bài làm tốt. Cần chú ý thêm về phần...', N'Đã chấm'),
(11, 24, DATEADD(DAY, -15, GETDATE()), 'C:/Submissions/assignment_11_student_24.zip', N'Em đã hoàn thành bài tập', NULL, NULL, N'Chưa chấm'),
(12, 24, DATEADD(DAY, -4, GETDATE()), 'C:/Submissions/assignment_12_student_24.zip', N'Em đã hoàn thành bài tập', 6.66, N'Bài làm tốt. Cần chú ý thêm về phần...', N'Đã chấm'),
(1, 25, DATEADD(DAY, -14, GETDATE()), 'C:/Submissions/assignment_1_student_25.zip', N'Em đã hoàn thành bài tập', 7.36, N'Bài làm tốt. Cần chú ý thêm về phần...', N'Đã chấm'),
(2, 25, DATEADD(DAY, -40, GETDATE()), 'C:/Submissions/assignment_2_student_25.zip', N'Em đã hoàn thành bài tập', 8.67, N'Bài làm tốt. Cần chú ý thêm về phần...', N'Đã chấm'),
(3, 25, DATEADD(DAY, -17, GETDATE()), 'C:/Submissions/assignment_3_student_25.zip', N'Em đã hoàn thành bài tập', 5.26, N'Bài làm tốt. Cần chú ý thêm về phần...', N'Đã chấm'),
(4, 25, DATEADD(DAY, -31, GETDATE()), 'C:/Submissions/assignment_4_student_25.zip', N'Em đã hoàn thành bài tập', 6.49, N'Bài làm tốt. Cần chú ý thêm về phần...', N'Đã chấm'),
(11, 25, DATEADD(DAY, -42, GETDATE()), 'C:/Submissions/assignment_11_student_25.zip', N'Em đã hoàn thành bài tập', 8.38, N'Bài làm tốt. Cần chú ý thêm về phần...', N'Đã chấm'),
(6, 26, DATEADD(DAY, -17, GETDATE()), 'C:/Submissions/assignment_6_student_26.zip', N'Em đã hoàn thành bài tập', 8.35, N'Bài làm tốt. Cần chú ý thêm về phần...', N'Đã chấm'),
(8, 26, DATEADD(DAY, -3, GETDATE()), 'C:/Submissions/assignment_8_student_26.zip', N'Em đã hoàn thành bài tập', 5.13, N'Bài làm tốt. Cần chú ý thêm về phần...', N'Đã chấm'),
(11, 26, DATEADD(DAY, -11, GETDATE()), 'C:/Submissions/assignment_11_student_26.zip', N'Em đã hoàn thành bài tập', 5.7, N'Bài làm tốt. Cần chú ý thêm về phần...', N'Đã chấm'),
(3, 26, DATEADD(DAY, -27, GETDATE()), 'C:/Submissions/assignment_3_student_26.zip', N'Em đã hoàn thành bài tập', 7.17, N'Bài làm tốt. Cần chú ý thêm về phần...', N'Đã chấm'),
(4, 26, DATEADD(DAY, -16, GETDATE()), 'C:/Submissions/assignment_4_student_26.zip', N'Em đã hoàn thành bài tập', 5.48, N'Bài làm tốt. Cần chú ý thêm về phần...', N'Đã chấm'),
(5, 26, DATEADD(DAY, -24, GETDATE()), 'C:/Submissions/assignment_5_student_26.zip', N'Em đã hoàn thành bài tập', NULL, NULL, N'Chưa chấm'),
(6, 27, DATEADD(DAY, -9, GETDATE()), 'C:/Submissions/assignment_6_student_27.zip', N'Em đã hoàn thành bài tập', 8.02, N'Bài làm tốt. Cần chú ý thêm về phần...', N'Đã chấm'),
(8, 27, DATEADD(DAY, -36, GETDATE()), 'C:/Submissions/assignment_8_student_27.zip', N'Em đã hoàn thành bài tập', 9.69, N'Bài làm tốt. Cần chú ý thêm về phần...', N'Đã chấm'),
(9, 27, DATEADD(DAY, -10, GETDATE()), 'C:/Submissions/assignment_9_student_27.zip', N'Em đã hoàn thành bài tập', 9.45, N'Bài làm tốt. Cần chú ý thêm về phần...', N'Đã chấm'),
(10, 27, DATEADD(DAY, -24, GETDATE()), 'C:/Submissions/assignment_10_student_27.zip', N'Em đã hoàn thành bài tập', 7.29, N'Bài làm tốt. Cần chú ý thêm về phần...', N'Đã chấm'),
(11, 27, DATEADD(DAY, -12, GETDATE()), 'C:/Submissions/assignment_11_student_27.zip', N'Em đã hoàn thành bài tập', 5.58, N'Bài làm tốt. Cần chú ý thêm về phần...', N'Đã chấm'),
(12, 27, DATEADD(DAY, -18, GETDATE()), 'C:/Submissions/assignment_12_student_27.zip', N'Em đã hoàn thành bài tập', 6.66, N'Bài làm tốt. Cần chú ý thêm về phần...', N'Đã chấm'),
(10, 28, DATEADD(DAY, -14, GETDATE()), 'C:/Submissions/assignment_10_student_28.zip', N'Em đã hoàn thành bài tập', 5.14, N'Bài làm tốt. Cần chú ý thêm về phần...', N'Đã chấm'),
(11, 28, DATEADD(DAY, -3, GETDATE()), 'C:/Submissions/assignment_11_student_28.zip', N'Em đã hoàn thành bài tập', 6.55, N'Bài làm tốt. Cần chú ý thêm về phần...', N'Đã chấm'),
(6, 28, DATEADD(DAY, -19, GETDATE()), 'C:/Submissions/assignment_6_student_28.zip', N'Em đã hoàn thành bài tập', 5.6, N'Bài làm tốt. Cần chú ý thêm về phần...', N'Đã chấm'),
(7, 28, DATEADD(DAY, -36, GETDATE()), 'C:/Submissions/assignment_7_student_28.zip', N'Em đã hoàn thành bài tập', 5.75, N'Bài làm tốt. Cần chú ý thêm về phần...', N'Đã chấm'),
(8, 28, DATEADD(DAY, -23, GETDATE()), 'C:/Submissions/assignment_8_student_28.zip', N'Em đã hoàn thành bài tập', 8.12, N'Bài làm tốt. Cần chú ý thêm về phần...', N'Đã chấm'),
(9, 28, DATEADD(DAY, -4, GETDATE()), 'C:/Submissions/assignment_9_student_28.zip', N'Em đã hoàn thành bài tập', NULL, NULL, N'Chưa chấm'),
(1, 28, DATEADD(DAY, -11, GETDATE()), 'C:/Submissions/assignment_1_student_28.zip', N'Em đã hoàn thành bài tập', 8.53, N'Bài làm tốt. Cần chú ý thêm về phần...', N'Đã chấm'),
(2, 28, DATEADD(DAY, -39, GETDATE()), 'C:/Submissions/assignment_2_student_28.zip', N'Em đã hoàn thành bài tập', NULL, NULL, N'Chưa chấm'),
(3, 28, DATEADD(DAY, -14, GETDATE()), 'C:/Submissions/assignment_3_student_28.zip', N'Em đã hoàn thành bài tập', NULL, NULL, N'Chưa chấm'),
(4, 28, DATEADD(DAY, -16, GETDATE()), 'C:/Submissions/assignment_4_student_28.zip', N'Em đã hoàn thành bài tập', 5.33, N'Bài làm tốt. Cần chú ý thêm về phần...', N'Đã chấm'),
(6, 29, DATEADD(DAY, -21, GETDATE()), 'C:/Submissions/assignment_6_student_29.zip', N'Em đã hoàn thành bài tập', 8.6, N'Bài làm tốt. Cần chú ý thêm về phần...', N'Đã chấm'),
(8, 29, DATEADD(DAY, -17, GETDATE()), 'C:/Submissions/assignment_8_student_29.zip', N'Em đã hoàn thành bài tập', 8.31, N'Bài làm tốt. Cần chú ý thêm về phần...', N'Đã chấm'),
(9, 29, DATEADD(DAY, -31, GETDATE()), 'C:/Submissions/assignment_9_student_29.zip', N'Em đã hoàn thành bài tập', 9.0, N'Bài làm tốt. Cần chú ý thêm về phần...', N'Đã chấm'),
(10, 29, DATEADD(DAY, -9, GETDATE()), 'C:/Submissions/assignment_10_student_29.zip', N'Em đã hoàn thành bài tập', NULL, NULL, N'Chưa chấm'),
(11, 29, DATEADD(DAY, -5, GETDATE()), 'C:/Submissions/assignment_11_student_29.zip', N'Em đã hoàn thành bài tập', 9.97, N'Bài làm tốt. Cần chú ý thêm về phần...', N'Đã chấm'),
(12, 29, DATEADD(DAY, -15, GETDATE()), 'C:/Submissions/assignment_12_student_29.zip', N'Em đã hoàn thành bài tập', 6.96, N'Bài làm tốt. Cần chú ý thêm về phần...', N'Đã chấm'),
(6, 30, DATEADD(DAY, -20, GETDATE()), 'C:/Submissions/assignment_6_student_30.zip', N'Em đã hoàn thành bài tập', 6.17, N'Bài làm tốt. Cần chú ý thêm về phần...', N'Đã chấm'),
(7, 30, DATEADD(DAY, -10, GETDATE()), 'C:/Submissions/assignment_7_student_30.zip', N'Em đã hoàn thành bài tập', 9.51, N'Bài làm tốt. Cần chú ý thêm về phần...', N'Đã chấm'),
(8, 30, DATEADD(DAY, -21, GETDATE()), 'C:/Submissions/assignment_8_student_30.zip', N'Em đã hoàn thành bài tập', 6.49, N'Bài làm tốt. Cần chú ý thêm về phần...', N'Đã chấm'),
(10, 31, DATEADD(DAY, -17, GETDATE()), 'C:/Submissions/assignment_10_student_31.zip', N'Em đã hoàn thành bài tập', NULL, NULL, N'Chưa chấm'),
(11, 31, DATEADD(DAY, -10, GETDATE()), 'C:/Submissions/assignment_11_student_31.zip', N'Em đã hoàn thành bài tập', 9.07, N'Bài làm tốt. Cần chú ý thêm về phần...', N'Đã chấm'),
(12, 31, DATEADD(DAY, -34, GETDATE()), 'C:/Submissions/assignment_12_student_31.zip', N'Em đã hoàn thành bài tập', 7.22, N'Bài làm tốt. Cần chú ý thêm về phần...', N'Đã chấm'),
(7, 31, DATEADD(DAY, -42, GETDATE()), 'C:/Submissions/assignment_7_student_31.zip', N'Em đã hoàn thành bài tập', 5.19, N'Bài làm tốt. Cần chú ý thêm về phần...', N'Đã chấm'),
(8, 31, DATEADD(DAY, -20, GETDATE()), 'C:/Submissions/assignment_8_student_31.zip', N'Em đã hoàn thành bài tập', 7.76, N'Bài làm tốt. Cần chú ý thêm về phần...', N'Đã chấm'),
(9, 31, DATEADD(DAY, -6, GETDATE()), 'C:/Submissions/assignment_9_student_31.zip', N'Em đã hoàn thành bài tập', 5.25, N'Bài làm tốt. Cần chú ý thêm về phần...', N'Đã chấm'),
(10, 32, DATEADD(DAY, -1, GETDATE()), 'C:/Submissions/assignment_10_student_32.zip', N'Em đã hoàn thành bài tập', NULL, NULL, N'Chưa chấm'),
(11, 32, DATEADD(DAY, -33, GETDATE()), 'C:/Submissions/assignment_11_student_32.zip', N'Em đã hoàn thành bài tập', 6.01, N'Bài làm tốt. Cần chú ý thêm về phần...', N'Đã chấm'),
(6, 33, DATEADD(DAY, -13, GETDATE()), 'C:/Submissions/assignment_6_student_33.zip', N'Em đã hoàn thành bài tập', 7.37, N'Bài làm tốt. Cần chú ý thêm về phần...', N'Đã chấm'),
(7, 33, DATEADD(DAY, -42, GETDATE()), 'C:/Submissions/assignment_7_student_33.zip', N'Em đã hoàn thành bài tập', 9.31, N'Bài làm tốt. Cần chú ý thêm về phần...', N'Đã chấm'),
(8, 33, DATEADD(DAY, -6, GETDATE()), 'C:/Submissions/assignment_8_student_33.zip', N'Em đã hoàn thành bài tập', NULL, NULL, N'Chưa chấm'),
(9, 33, DATEADD(DAY, -9, GETDATE()), 'C:/Submissions/assignment_9_student_33.zip', N'Em đã hoàn thành bài tập', 8.89, N'Bài làm tốt. Cần chú ý thêm về phần...', N'Đã chấm'),
(11, 33, DATEADD(DAY, -16, GETDATE()), 'C:/Submissions/assignment_11_student_33.zip', N'Em đã hoàn thành bài tập', 7.01, N'Bài làm tốt. Cần chú ý thêm về phần...', N'Đã chấm'),
(12, 33, DATEADD(DAY, -30, GETDATE()), 'C:/Submissions/assignment_12_student_33.zip', N'Em đã hoàn thành bài tập', NULL, NULL, N'Chưa chấm');
GO

PRINT '✅ Đã insert 166 Submissions';
GO

-- ============================================
-- HOÀN TẤT INSERT DỮ LIỆU
-- ============================================
PRINT '';
PRINT '========================================';
PRINT 'HOÀN TẤT INSERT DỮ LIỆU MẪU!';
PRINT '========================================';
PRINT '';
PRINT '📊 Thống kê dữ liệu đã insert:';
PRINT '   ✅ 33 Accounts (1 Admin + 2 Teachers + 30 Students)';
PRINT '   ✅ 33 Users';
PRINT '   ✅ 4 Categories';
PRINT '   ✅ 3 Courses';
PRINT '   ✅ 17 Sections';
PRINT '   ✅ 74 Lessons';
PRINT '   ✅ 62 Enrollments';
PRINT '   ✅ 1518 LessonProgress records';
PRINT '   ✅ 12 Assignments (MaxScore = 10)';
PRINT '   ✅ 166 Submissions';
PRINT '';
PRINT '🎉 Database StudyProcess đã sẵn sàng sử dụng!';
PRINT '';
PRINT '📝 Lưu ý:';
PRINT '   - Tiến độ học = (Số bài hoàn thành / Tổng bài) × 100';
PRINT '   - Tất cả bài tập có MaxScore = 10';
PRINT '   - Dữ liệu được tạo ngẫu nhiên với logic thực tế';
PRINT '';
GO

-- Kiểm tra nhanh dữ liệu
SELECT 'Accounts' AS TableName, COUNT(*) AS RecordCount FROM Accounts
UNION ALL
SELECT 'Users', COUNT(*) FROM Users
UNION ALL
SELECT 'Categories', COUNT(*) FROM Categories
UNION ALL
SELECT 'Courses', COUNT(*) FROM Courses
UNION ALL
SELECT 'Sections', COUNT(*) FROM Sections
UNION ALL
SELECT 'Lessons', COUNT(*) FROM Lessons
UNION ALL
SELECT 'Enrollments', COUNT(*) FROM Enrollments
UNION ALL
SELECT 'LessonProgress', COUNT(*) FROM LessonProgress
UNION ALL
SELECT 'Assignments', COUNT(*) FROM Assignments
UNION ALL
SELECT 'Submissions', COUNT(*) FROM Submissions;
GO
